operationId,path,verb,description,resource,method,sqlVerb,objectKey,reqPaginationKey,reqPaginationLocation,respPaginationKey,respPaginationLocation
AcceptAddressTransfer,/#Action=AcceptAddressTransfer,GET,Accepts an Elastic IP address transfer. For mor...,,accept_address_transfer,exec,,,,,
AcceptCapacityReservationBillingOwnership,/#Action=AcceptCapacityReservationBillingOwnership,GET,Accepts a request to assign billing of the avai...,,accept_capacity_reservation_billing_ownership,exec,,,,,
AcceptReservedInstancesExchangeQuote,/#Action=AcceptReservedInstancesExchangeQuote,GET,Accepts the Convertible Reserved Instance excha...,,accept_reserved_instances_exchange_quote,exec,,,,,
AcceptTransitGatewayMulticastDomainAssociations,/#Action=AcceptTransitGatewayMulticastDomainAssociations,GET,Accepts a request to associate subnets with a t...,,accept_transit_gateway_multicast_domain_associations,exec,,,,,
AcceptTransitGatewayPeeringAttachment,/#Action=AcceptTransitGatewayPeeringAttachment,GET,Accepts a transit gateway peering attachment re...,,accept_transit_gateway_peering_attachment,exec,,,,,
AcceptTransitGatewayVpcAttachment,/#Action=AcceptTransitGatewayVpcAttachment,GET,Accepts a request to attach a VPC to a transit ...,,accept_transit_gateway_vpc_attachment,exec,,,,,
AcceptVpcEndpointConnections,/#Action=AcceptVpcEndpointConnections,GET,Accepts connection requests to your VPC endpoin...,,accept_vpc_endpoint_connections,exec,,,,,
AcceptVpcPeeringConnection,/#Action=AcceptVpcPeeringConnection,GET,Accept a VPC peering connection request. To acc...,,accept_vpc_peering_connection,exec,,,,,
AdvertiseByoipCidr,/#Action=AdvertiseByoipCidr,GET,Advertises an IPv4 or IPv6 address range that i...,,advertise_byoip_cidr,exec,,,,,
AllocateAddress,/#Action=AllocateAddress,GET,Allocates an Elastic IP address to your Amazon ...,,allocate_address,exec,,,,,
AllocateHosts,/#Action=AllocateHosts,GET,Allocates a Dedicated Host to your account. At ...,,allocate_hosts,exec,,,,,
AllocateIpamPoolCidr,/#Action=AllocateIpamPoolCidr,GET,Allocate a CIDR from an IPAM pool. The Region y...,,allocate_ipam_pool_cidr,exec,,,,,
ApplySecurityGroupsToClientVpnTargetNetwork,/#Action=ApplySecurityGroupsToClientVpnTargetNetwork,GET,Applies a security group to the association bet...,,apply_security_groups_to_client_vpn_target_network,exec,,,,,
AssignIpv6Addresses,/#Action=AssignIpv6Addresses,GET,Assigns the specified IPv6 addresses to the spe...,,assign_ipv6_addresses,exec,,,,,
AssignPrivateIpAddresses,/#Action=AssignPrivateIpAddresses,GET,Assigns the specified secondary private IP addr...,,assign_private_ip_addresses,exec,,,,,
AssignPrivateNatGatewayAddress,/#Action=AssignPrivateNatGatewayAddress,GET,Assigns private IPv4 addresses to a private NAT...,,assign_private_nat_gateway_address,exec,,,,,
AssociateAddress,/#Action=AssociateAddress,GET,"Associates an Elastic IP address, or carrier IP...",,associate_address,exec,,,,,
AssociateCapacityReservationBillingOwner,/#Action=AssociateCapacityReservationBillingOwner,GET,Initiates a request to assign billing of the un...,,associate_capacity_reservation_billing_owner,exec,,,,,
AssociateClientVpnTargetNetwork,/#Action=AssociateClientVpnTargetNetwork,GET,Associates a target network with a Client VPN e...,,associate_client_vpn_target_network,exec,,,,,
AssociateDhcpOptions,/#Action=AssociateDhcpOptions,GET,Associates a set of DHCP options (that you've p...,,associate_dhcp_options,exec,,,,,
AssociateEnclaveCertificateIamRole,/#Action=AssociateEnclaveCertificateIamRole,GET,Associates an Identity and Access Management (I...,,associate_enclave_certificate_iam_role,exec,,,,,
AssociateIamInstanceProfile,/#Action=AssociateIamInstanceProfile,GET,Associates an IAM instance profile with a runni...,,associate_iam_instance_profile,exec,,,,,
AssociateInstanceEventWindow,/#Action=AssociateInstanceEventWindow,GET,Associates one or more targets with an event wi...,,associate_instance_event_window,exec,,,,,
AssociateIpamByoasn,/#Action=AssociateIpamByoasn,GET,Associates your Autonomous System Number (ASN) ...,,associate_ipam_byoasn,exec,,,,,
AssociateIpamResourceDiscovery,/#Action=AssociateIpamResourceDiscovery,GET,Associates an IPAM resource discovery with an A...,,associate_ipam_resource_discovery,exec,,,,,
AssociateNatGatewayAddress,/#Action=AssociateNatGatewayAddress,GET,Associates Elastic IP addresses (EIPs) and priv...,,associate_nat_gateway_address,exec,,,,,
AssociateRouteServer,/#Action=AssociateRouteServer,GET,Associates a route server with a VPC to enable ...,,associate_route_server,exec,,,,,
AssociateRouteTable,/#Action=AssociateRouteTable,GET,Associates a subnet in your VPC or an internet ...,,associate_route_table,exec,,,,,
AssociateSecurityGroupVpc,/#Action=AssociateSecurityGroupVpc,GET,Associates a security group with another VPC in...,,associate_security_group_vpc,exec,,,,,
AssociateSubnetCidrBlock,/#Action=AssociateSubnetCidrBlock,GET,Associates a CIDR block with your subnet. You c...,,associate_subnet_cidr_block,exec,,,,,
AssociateTransitGatewayMulticastDomain,/#Action=AssociateTransitGatewayMulticastDomain,GET,Associates the specified subnets and transit ga...,,associate_transit_gateway_multicast_domain,exec,,,,,
AssociateTransitGatewayPolicyTable,/#Action=AssociateTransitGatewayPolicyTable,GET,Associates the specified transit gateway attach...,,associate_transit_gateway_policy_table,exec,,,,,
AssociateTransitGatewayRouteTable,/#Action=AssociateTransitGatewayRouteTable,GET,Associates the specified attachment with the sp...,,associate_transit_gateway_route_table,exec,,,,,
AssociateTrunkInterface,/#Action=AssociateTrunkInterface,GET,Associates a branch network interface with a tr...,,associate_trunk_interface,exec,,,,,
AssociateVpcCidrBlock,/#Action=AssociateVpcCidrBlock,GET,Associates a CIDR block with your VPC. You can ...,,associate_vpc_cidr_block,exec,,,,,
AttachClassicLinkVpc,/#Action=AttachClassicLinkVpc,GET,This action is deprecated. Links an EC2-Classic...,,attach_classic_link_vpc,exec,,,,,
AttachInternetGateway,/#Action=AttachInternetGateway,GET,Attaches an internet gateway or a virtual priva...,,attach_internet_gateway,exec,,,,,
AttachNetworkInterface,/#Action=AttachNetworkInterface,GET,Attaches a network interface to an instance.,,attach_network_interface,exec,,,,,
AttachVerifiedAccessTrustProvider,/#Action=AttachVerifiedAccessTrustProvider,GET,Attaches the specified Amazon Web Services Veri...,,attach_verified_access_trust_provider,exec,,,,,
AttachVolume,/#Action=AttachVolume,GET,Attaches an Amazon EBS volume to a `running` or...,,attach_volume,exec,,,,,
AttachVpnGateway,/#Action=AttachVpnGateway,GET,Attaches an available virtual private gateway t...,,attach_vpn_gateway,exec,,,,,
AuthorizeClientVpnIngress,/#Action=AuthorizeClientVpnIngress,GET,Adds an ingress authorization rule to a Client ...,,authorize_client_vpn_ingress,exec,,,,,
AuthorizeSecurityGroupEgress,/#Action=AuthorizeSecurityGroupEgress,GET,Adds the specified outbound (egress) rules to a...,,authorize_security_group_egress,exec,,,,,
AuthorizeSecurityGroupIngress,/#Action=AuthorizeSecurityGroupIngress,GET,Adds the specified inbound (ingress) rules to a...,,authorize_security_group_ingress,exec,,,,,
BundleInstance,/#Action=BundleInstance,GET,Bundles an Amazon instance store-backed Windows...,,bundle_instance,exec,,,,,
CancelBundleTask,/#Action=CancelBundleTask,GET,Cancels a bundling operation for an instance st...,,cancel_bundle_task,exec,,,,,
CancelCapacityReservation,/#Action=CancelCapacityReservation,GET,"Cancels the specified Capacity Reservation, rel...",,cancel_capacity_reservation,exec,,,,,
CancelCapacityReservationFleets,/#Action=CancelCapacityReservationFleets,GET,Cancels one or more Capacity Reservation Fleets...,,cancel_capacity_reservation_fleets,exec,,,,,
CancelConversionTask,/#Action=CancelConversionTask,GET,Cancels an active conversion task. The task can...,,cancel_conversion_task,exec,,,,,
CancelDeclarativePoliciesReport,/#Action=CancelDeclarativePoliciesReport,GET,Cancels the generation of an account status rep...,,cancel_declarative_policies_report,exec,,,,,
CancelExportTask,/#Action=CancelExportTask,GET,Cancels an active export task. The request remo...,,cancel_export_task,exec,,,,,
CancelImageLaunchPermission,/#Action=CancelImageLaunchPermission,GET,Removes your Amazon Web Services account from t...,,cancel_image_launch_permission,exec,,,,,
CancelImportTask,/#Action=CancelImportTask,GET,Cancels an in-process import virtual machine or...,,cancel_import_task,exec,,,,,
CancelReservedInstancesListing,/#Action=CancelReservedInstancesListing,GET,Cancels the specified Reserved Instance listing...,,cancel_reserved_instances_listing,exec,,,,,
CancelSpotFleetRequests,/#Action=CancelSpotFleetRequests,GET,Cancels the specified Spot Fleet requests. Afte...,,cancel_spot_fleet_requests,exec,,,,,
CancelSpotInstanceRequests,/#Action=CancelSpotInstanceRequests,GET,Cancels one or more Spot Instance requests. Can...,,cancel_spot_instance_requests,exec,,,,,
ConfirmProductInstance,/#Action=ConfirmProductInstance,GET,Determines whether a product code is associated...,,confirm_product_instance,exec,,,,,
CopyFpgaImage,/#Action=CopyFpgaImage,GET,Copies the specified Amazon FPGA Image (AFI) to...,,copy_fpga_image,exec,,,,,
CopyImage,/#Action=CopyImage,GET,Initiates an AMI copy operation. You must speci...,,copy_image,exec,,,,,
CopySnapshot,/#Action=CopySnapshot,GET,Creates an exact copy of an Amazon EBS snapshot...,,copy_snapshot,exec,,,,,
CopyVolumes,/#Action=CopyVolumes,GET,"Creates a crash-consistent, point-in-time copy ...",,copy_volumes,exec,,,,,
CreateCapacityManagerDataExport,/#Action=CreateCapacityManagerDataExport,GET,Creates a new data export configuration for EC2...,,create_capacity_manager_data_export,insert,,,,,
CreateCapacityReservation,/#Action=CreateCapacityReservation,GET,Creates a new Capacity Reservation with the spe...,,create_capacity_reservation,insert,,,,,
CreateCapacityReservationBySplitting,/#Action=CreateCapacityReservationBySplitting,GET,Create a new Capacity Reservation by splitting ...,,create_capacity_reservation_by_splitting,insert,,,,,
CreateCapacityReservationFleet,/#Action=CreateCapacityReservationFleet,GET,Creates a Capacity Reservation Fleet. For more ...,,create_capacity_reservation_fleet,insert,,,,,
CreateCarrierGateway,/#Action=CreateCarrierGateway,GET,Creates a carrier gateway. For more information...,,create_carrier_gateway,insert,,,,,
CreateClientVpnEndpoint,/#Action=CreateClientVpnEndpoint,GET,Creates a Client VPN endpoint. A Client VPN end...,,create_client_vpn_endpoint,insert,,,,,
CreateClientVpnRoute,/#Action=CreateClientVpnRoute,GET,Adds a route to a network to a Client VPN endpo...,,create_client_vpn_route,insert,,,,,
CreateCoipCidr,/#Action=CreateCoipCidr,GET,Creates a range of customer-owned IP addresses.,,create_coip_cidr,insert,,,,,
CreateCoipPool,/#Action=CreateCoipPool,GET,Creates a pool of customer-owned IP (CoIP) addr...,,create_coip_pool,insert,,,,,
CreateCustomerGateway,/#Action=CreateCustomerGateway,GET,Provides information to Amazon Web Services abo...,,create_customer_gateway,insert,,,,,
CreateDefaultSubnet,/#Action=CreateDefaultSubnet,GET,Creates a default subnet with a size `/20` IPv4...,,create_default_subnet,insert,,,,,
CreateDefaultVpc,/#Action=CreateDefaultVpc,GET,Creates a default VPC with a size `/16` IPv4 CI...,,create_default_vpc,insert,,,,,
CreateDelegateMacVolumeOwnershipTask,/#Action=CreateDelegateMacVolumeOwnershipTask,GET,Delegates ownership of the Amazon EBS root volu...,,create_delegate_mac_volume_ownership_task,insert,,,,,
CreateDhcpOptions,/#Action=CreateDhcpOptions,GET,Creates a custom set of DHCP options. After you...,,create_dhcp_options,insert,,,,,
CreateEgressOnlyInternetGateway,/#Action=CreateEgressOnlyInternetGateway,GET,[IPv6 only] Creates an egress-only internet gat...,,create_egress_only_internet_gateway,insert,,,,,
CreateFleet,/#Action=CreateFleet,GET,Creates an EC2 Fleet that contains the configur...,,create_fleet,insert,,,,,
CreateFlowLogs,/#Action=CreateFlowLogs,GET,Creates one or more flow logs to capture inform...,,create_flow_logs,insert,,,,,
CreateFpgaImage,/#Action=CreateFpgaImage,GET,Creates an Amazon FPGA Image (AFI) from the spe...,,create_fpga_image,insert,,,,,
CreateImage,/#Action=CreateImage,GET,Creates an Amazon EBS-backed AMI from an Amazon...,,create_image,insert,,,,,
CreateImageUsageReport,/#Action=CreateImageUsageReport,GET,Creates a report that shows how your image is u...,,create_image_usage_report,insert,,,,,
CreateInstanceConnectEndpoint,/#Action=CreateInstanceConnectEndpoint,GET,Creates an EC2 Instance Connect Endpoint. An EC...,,create_instance_connect_endpoint,insert,,,,,
CreateInstanceEventWindow,/#Action=CreateInstanceEventWindow,GET,Creates an event window in which scheduled even...,,create_instance_event_window,insert,,,,,
CreateInstanceExportTask,/#Action=CreateInstanceExportTask,GET,Exports a running or stopped instance to an Ama...,,create_instance_export_task,insert,,,,,
CreateInternetGateway,/#Action=CreateInternetGateway,GET,Creates an internet gateway for use with a VPC....,,create_internet_gateway,insert,,,,,
CreateInterruptibleCapacityReservationAllocation,/#Action=CreateInterruptibleCapacityReservationAllocation,GET,Creates an interruptible Capacity Reservation b...,,create_interruptible_capacity_reservation_allocation,insert,,,,,
CreateIpam,/#Action=CreateIpam,GET,Create an IPAM. Amazon VPC IP Address Manager (...,,create_ipam,insert,,,,,
CreateIpamExternalResourceVerificationToken,/#Action=CreateIpamExternalResourceVerificationToken,GET,Create a verification token. A verification tok...,,create_ipam_external_resource_verification_token,insert,,,,,
CreateIpamPolicy,/#Action=CreateIpamPolicy,GET,Creates an IPAM policy. An IPAM policy is a set...,,create_ipam_policy,insert,,,,,
CreateIpamPool,/#Action=CreateIpamPool,GET,Create an IP address pool for Amazon VPC IP Add...,,create_ipam_pool,insert,,,,,
CreateIpamPrefixListResolver,/#Action=CreateIpamPrefixListResolver,GET,Creates an IPAM prefix list resolver. An IPAM p...,,create_ipam_prefix_list_resolver,insert,,,,,
CreateIpamPrefixListResolverTarget,/#Action=CreateIpamPrefixListResolverTarget,GET,Creates an IPAM prefix list resolver target. An...,,create_ipam_prefix_list_resolver_target,insert,,,,,
CreateIpamResourceDiscovery,/#Action=CreateIpamResourceDiscovery,GET,Creates an IPAM resource discovery. A resource ...,,create_ipam_resource_discovery,insert,,,,,
CreateIpamScope,/#Action=CreateIpamScope,GET,"Create an IPAM scope. In IPAM, a scope is the h...",,create_ipam_scope,insert,,,,,
CreateKeyPair,/#Action=CreateKeyPair,GET,Creates an ED25519 or 2048-bit RSA key pair wit...,,create_key_pair,insert,,,,,
CreateLaunchTemplate,/#Action=CreateLaunchTemplate,GET,Creates a launch template. A launch template co...,,create_launch_template,insert,,,,,
CreateLaunchTemplateVersion,/#Action=CreateLaunchTemplateVersion,GET,Creates a new version of a launch template. You...,,create_launch_template_version,insert,,,,,
CreateLocalGatewayRoute,/#Action=CreateLocalGatewayRoute,GET,Creates a static route for the specified local ...,,create_local_gateway_route,insert,,,,,
CreateLocalGatewayRouteTable,/#Action=CreateLocalGatewayRouteTable,GET,Creates a local gateway route table.,,create_local_gateway_route_table,insert,,,,,
CreateLocalGatewayRouteTableVirtualInterfaceGroupAssociation,/#Action=CreateLocalGatewayRouteTableVirtualInterfaceGroupAssociation,GET,Creates a local gateway route table virtual int...,,create_local_gateway_route_table_virtual_interface_group_association,insert,,,,,
CreateLocalGatewayRouteTableVpcAssociation,/#Action=CreateLocalGatewayRouteTableVpcAssociation,GET,Associates the specified VPC with the specified...,,create_local_gateway_route_table_vpc_association,insert,,,,,
CreateLocalGatewayVirtualInterface,/#Action=CreateLocalGatewayVirtualInterface,GET,Create a virtual interface for a local gateway.,,create_local_gateway_virtual_interface,insert,,,,,
CreateLocalGatewayVirtualInterfaceGroup,/#Action=CreateLocalGatewayVirtualInterfaceGroup,GET,Create a local gateway virtual interface group.,,create_local_gateway_virtual_interface_group,insert,,,,,
CreateMacSystemIntegrityProtectionModificationTask,/#Action=CreateMacSystemIntegrityProtectionModificationTask,GET,Creates a System Integrity Protection (SIP) mod...,,create_mac_system_integrity_protection_modification_task,insert,,,,,
CreateManagedPrefixList,/#Action=CreateManagedPrefixList,GET,Creates a managed prefix list. You can specify ...,,create_managed_prefix_list,insert,,,,,
CreateNatGateway,/#Action=CreateNatGateway,GET,Creates a NAT gateway in the specified subnet. ...,,create_nat_gateway,insert,,,,,
CreateNetworkAcl,/#Action=CreateNetworkAcl,GET,Creates a network ACL in a VPC. Network ACLs pr...,,create_network_acl,insert,,,,,
CreateNetworkAclEntry,/#Action=CreateNetworkAclEntry,GET,Creates an entry (a rule) in a network ACL with...,,create_network_acl_entry,insert,,,,,
CreateNetworkInsightsAccessScope,/#Action=CreateNetworkInsightsAccessScope,GET,Creates a Network Access Scope. Amazon Web Serv...,,create_network_insights_access_scope,insert,,,,,
CreateNetworkInsightsPath,/#Action=CreateNetworkInsightsPath,GET,Creates a path to analyze for reachability. Rea...,,create_network_insights_path,insert,,,,,
CreateNetworkInterface,/#Action=CreateNetworkInterface,GET,Creates a network interface in the specified su...,,create_network_interface,insert,,,,,
CreateNetworkInterfacePermission,/#Action=CreateNetworkInterfacePermission,GET,Grants an Amazon Web Services-authorized accoun...,,create_network_interface_permission,insert,,,,,
CreatePlacementGroup,/#Action=CreatePlacementGroup,GET,Creates a placement group in which to launch in...,,create_placement_group,insert,,,,,
CreatePublicIpv4Pool,/#Action=CreatePublicIpv4Pool,GET,Creates a public IPv4 address pool. A public IP...,,create_public_ipv4_pool,insert,,,,,
CreateReplaceRootVolumeTask,/#Action=CreateReplaceRootVolumeTask,GET,Replaces the EBS-backed root volume for a `runn...,,create_replace_root_volume_task,insert,,,,,
CreateReservedInstancesListing,/#Action=CreateReservedInstancesListing,GET,Creates a listing for Amazon EC2 Standard Reser...,,create_reserved_instances_listing,insert,,,,,
CreateRestoreImageTask,/#Action=CreateRestoreImageTask,GET,Starts a task that restores an AMI from an Amaz...,,create_restore_image_task,insert,,,,,
CreateRoute,/#Action=CreateRoute,GET,Creates a route in a route table within a VPC. ...,,create_route,insert,,,,,
CreateRouteServer,/#Action=CreateRouteServer,GET,Creates a new route server to manage dynamic ro...,,create_route_server,insert,,,,,
CreateRouteServerEndpoint,/#Action=CreateRouteServerEndpoint,GET,Creates a new endpoint for a route server in a ...,,create_route_server_endpoint,insert,,,,,
CreateRouteServerPeer,/#Action=CreateRouteServerPeer,GET,Creates a new BGP peer for a specified route se...,,create_route_server_peer,insert,,,,,
CreateRouteTable,/#Action=CreateRouteTable,GET,Creates a route table for the specified VPC. Af...,,create_route_table,insert,,,,,
CreateSecurityGroup,/#Action=CreateSecurityGroup,GET,Creates a security group. A security group acts...,,create_security_group,insert,,,,,
CreateSnapshot,/#Action=CreateSnapshot,GET,Creates a snapshot of an EBS volume and stores ...,,create_snapshot,insert,,,,,
CreateSnapshots,/#Action=CreateSnapshots,GET,Creates crash-consistent snapshots of multiple ...,,create_snapshots,insert,,,,,
CreateSpotDatafeedSubscription,/#Action=CreateSpotDatafeedSubscription,GET,"Creates a data feed for Spot Instances, enablin...",,create_spot_datafeed_subscription,insert,,,,,
CreateStoreImageTask,/#Action=CreateStoreImageTask,GET,Stores an AMI as a single object in an Amazon S...,,create_store_image_task,insert,,,,,
CreateSubnet,/#Action=CreateSubnet,GET,Creates a subnet in the specified VPC. For an I...,,create_subnet,insert,,,,,
CreateSubnetCidrReservation,/#Action=CreateSubnetCidrReservation,GET,Creates a subnet CIDR reservation. For more inf...,,create_subnet_cidr_reservation,insert,,,,,
CreateTags,/#Action=CreateTags,GET,Adds or overwrites only the specified tags for ...,,create_tags,insert,,,,,
CreateTrafficMirrorFilter,/#Action=CreateTrafficMirrorFilter,GET,Creates a Traffic Mirror filter. A Traffic Mirr...,,create_traffic_mirror_filter,insert,,,,,
CreateTrafficMirrorFilterRule,/#Action=CreateTrafficMirrorFilterRule,GET,Creates a Traffic Mirror filter rule. A Traffic...,,create_traffic_mirror_filter_rule,insert,,,,,
CreateTrafficMirrorSession,/#Action=CreateTrafficMirrorSession,GET,Creates a Traffic Mirror session. A Traffic Mir...,,create_traffic_mirror_session,insert,,,,,
CreateTrafficMirrorTarget,/#Action=CreateTrafficMirrorTarget,GET,Creates a target for your Traffic Mirror sessio...,,create_traffic_mirror_target,insert,,,,,
CreateTransitGateway,/#Action=CreateTransitGateway,GET,Creates a transit gateway. You can use a transi...,,create_transit_gateway,insert,,,,,
CreateTransitGatewayConnect,/#Action=CreateTransitGatewayConnect,GET,Creates a Connect attachment from a specified t...,,create_transit_gateway_connect,insert,,,,,
CreateTransitGatewayConnectPeer,/#Action=CreateTransitGatewayConnectPeer,GET,Creates a Connect peer for a specified transit ...,,create_transit_gateway_connect_peer,insert,,,,,
CreateTransitGatewayMeteringPolicy,/#Action=CreateTransitGatewayMeteringPolicy,GET,Creates a metering policy for a transit gateway...,,create_transit_gateway_metering_policy,insert,,,,,
CreateTransitGatewayMeteringPolicyEntry,/#Action=CreateTransitGatewayMeteringPolicyEntry,GET,Creates an entry in a transit gateway metering ...,,create_transit_gateway_metering_policy_entry,insert,,,,,
CreateTransitGatewayMulticastDomain,/#Action=CreateTransitGatewayMulticastDomain,GET,Creates a multicast domain using the specified ...,,create_transit_gateway_multicast_domain,insert,,,,,
CreateTransitGatewayPeeringAttachment,/#Action=CreateTransitGatewayPeeringAttachment,GET,Requests a transit gateway peering attachment b...,,create_transit_gateway_peering_attachment,insert,,,,,
CreateTransitGatewayPolicyTable,/#Action=CreateTransitGatewayPolicyTable,GET,Creates a transit gateway policy table.,,create_transit_gateway_policy_table,insert,,,,,
CreateTransitGatewayPrefixListReference,/#Action=CreateTransitGatewayPrefixListReference,GET,Creates a reference (route) to a prefix list in...,,create_transit_gateway_prefix_list_reference,insert,,,,,
CreateTransitGatewayRoute,/#Action=CreateTransitGatewayRoute,GET,Creates a static route for the specified transi...,,create_transit_gateway_route,insert,,,,,
CreateTransitGatewayRouteTable,/#Action=CreateTransitGatewayRouteTable,GET,Creates a route table for the specified transit...,,create_transit_gateway_route_table,insert,,,,,
CreateTransitGatewayRouteTableAnnouncement,/#Action=CreateTransitGatewayRouteTableAnnouncement,GET,Advertises a new transit gateway route table.,,create_transit_gateway_route_table_announcement,insert,,,,,
CreateTransitGatewayVpcAttachment,/#Action=CreateTransitGatewayVpcAttachment,GET,Attaches the specified VPC to the specified tra...,,create_transit_gateway_vpc_attachment,insert,,,,,
CreateVerifiedAccessEndpoint,/#Action=CreateVerifiedAccessEndpoint,GET,An Amazon Web Services Verified Access endpoint...,,create_verified_access_endpoint,insert,,,,,
CreateVerifiedAccessGroup,/#Action=CreateVerifiedAccessGroup,GET,An Amazon Web Services Verified Access group is...,,create_verified_access_group,insert,,,,,
CreateVerifiedAccessInstance,/#Action=CreateVerifiedAccessInstance,GET,An Amazon Web Services Verified Access instance...,,create_verified_access_instance,insert,,,,,
CreateVerifiedAccessTrustProvider,/#Action=CreateVerifiedAccessTrustProvider,GET,A trust provider is a third-party entity that c...,,create_verified_access_trust_provider,insert,,,,,
CreateVolume,/#Action=CreateVolume,GET,Creates an EBS volume that can be attached to a...,,create_volume,insert,,,,,
CreateVpc,/#Action=CreateVpc,GET,Creates a VPC with the specified CIDR blocks. A...,,create_vpc,insert,,,,,
CreateVpcBlockPublicAccessExclusion,/#Action=CreateVpcBlockPublicAccessExclusion,GET,Create a VPC Block Public Access (BPA) exclusio...,,create_vpc_block_public_access_exclusion,insert,,,,,
CreateVpcEncryptionControl,/#Action=CreateVpcEncryptionControl,GET,Creates a VPC Encryption Control configuration ...,,create_vpc_encryption_control,insert,,,,,
CreateVpcEndpoint,/#Action=CreateVpcEndpoint,GET,Creates a VPC endpoint. A VPC endpoint provides...,,create_vpc_endpoint,insert,,,,,
CreateVpcEndpointConnectionNotification,/#Action=CreateVpcEndpointConnectionNotification,GET,Creates a connection notification for a specifi...,,create_vpc_endpoint_connection_notification,insert,,,,,
CreateVpcEndpointServiceConfiguration,/#Action=CreateVpcEndpointServiceConfiguration,GET,Creates a VPC endpoint service to which service...,,create_vpc_endpoint_service_configuration,insert,,,,,
CreateVpcPeeringConnection,/#Action=CreateVpcPeeringConnection,GET,Requests a VPC peering connection between two V...,,create_vpc_peering_connection,insert,,,,,
CreateVpnConcentrator,/#Action=CreateVpnConcentrator,GET,Creates a VPN concentrator that aggregates mult...,,create_vpn_concentrator,insert,,,,,
CreateVpnConnection,/#Action=CreateVpnConnection,GET,Creates a VPN connection between an existing vi...,,create_vpn_connection,insert,,,,,
CreateVpnConnectionRoute,/#Action=CreateVpnConnectionRoute,GET,Creates a static route associated with a VPN co...,,create_vpn_connection_route,insert,,,,,
CreateVpnGateway,/#Action=CreateVpnGateway,GET,Creates a virtual private gateway. A virtual pr...,,create_vpn_gateway,insert,,,,,
DeleteCapacityManagerDataExport,/#Action=DeleteCapacityManagerDataExport,GET,Deletes an existing Capacity Manager data expor...,,delete_capacity_manager_data_export,delete,,,,,
DeleteCarrierGateway,/#Action=DeleteCarrierGateway,GET,Deletes a carrier gateway. If you do not delete...,,delete_carrier_gateway,delete,,,,,
DeleteClientVpnEndpoint,/#Action=DeleteClientVpnEndpoint,GET,Deletes the specified Client VPN endpoint. You ...,,delete_client_vpn_endpoint,delete,,,,,
DeleteClientVpnRoute,/#Action=DeleteClientVpnRoute,GET,Deletes a route from a Client VPN endpoint. You...,,delete_client_vpn_route,delete,,,,,
DeleteCoipCidr,/#Action=DeleteCoipCidr,GET,Deletes a range of customer-owned IP addresses.,,delete_coip_cidr,delete,,,,,
DeleteCoipPool,/#Action=DeleteCoipPool,GET,Deletes a pool of customer-owned IP (CoIP) addr...,,delete_coip_pool,delete,,,,,
DeleteCustomerGateway,/#Action=DeleteCustomerGateway,GET,Deletes the specified customer gateway. You mus...,,delete_customer_gateway,delete,,,,,
DeleteDhcpOptions,/#Action=DeleteDhcpOptions,GET,Deletes the specified set of DHCP options. You ...,,delete_dhcp_options,delete,,,,,
DeleteEgressOnlyInternetGateway,/#Action=DeleteEgressOnlyInternetGateway,GET,Deletes an egress-only internet gateway.,,delete_egress_only_internet_gateway,delete,,,,,
DeleteFleets,/#Action=DeleteFleets,GET,Deletes the specified EC2 Fleet request. After ...,,delete_fleets,delete,,,,,
DeleteFlowLogs,/#Action=DeleteFlowLogs,GET,Deletes one or more flow logs.,,delete_flow_logs,delete,,,,,
DeleteFpgaImage,/#Action=DeleteFpgaImage,GET,Deletes the specified Amazon FPGA Image (AFI).,,delete_fpga_image,delete,,,,,
DeleteImageUsageReport,/#Action=DeleteImageUsageReport,GET,Deletes the specified image usage report. For m...,,delete_image_usage_report,delete,,,,,
DeleteInstanceConnectEndpoint,/#Action=DeleteInstanceConnectEndpoint,GET,Deletes the specified EC2 Instance Connect Endp...,,delete_instance_connect_endpoint,delete,,,,,
DeleteInstanceEventWindow,/#Action=DeleteInstanceEventWindow,GET,Deletes the specified event window. For more in...,,delete_instance_event_window,delete,,,,,
DeleteInternetGateway,/#Action=DeleteInternetGateway,GET,Deletes the specified internet gateway. You mus...,,delete_internet_gateway,delete,,,,,
DeleteIpam,/#Action=DeleteIpam,GET,Delete an IPAM. Deleting an IPAM removes all mo...,,delete_ipam,delete,,,,,
DeleteIpamExternalResourceVerificationToken,/#Action=DeleteIpamExternalResourceVerificationToken,GET,Delete a verification token. A verification tok...,,delete_ipam_external_resource_verification_token,delete,,,,,
DeleteIpamPolicy,/#Action=DeleteIpamPolicy,GET,Deletes an IPAM policy. An IPAM policy is a set...,,delete_ipam_policy,delete,,,,,
DeleteIpamPool,/#Action=DeleteIpamPool,GET,Delete an IPAM pool. You cannot delete an IPAM ...,,delete_ipam_pool,delete,,,,,
DeleteIpamPrefixListResolver,/#Action=DeleteIpamPrefixListResolver,GET,Deletes an IPAM prefix list resolver. Before de...,,delete_ipam_prefix_list_resolver,delete,,,,,
DeleteIpamPrefixListResolverTarget,/#Action=DeleteIpamPrefixListResolverTarget,GET,Deletes an IPAM prefix list resolver target. Th...,,delete_ipam_prefix_list_resolver_target,delete,,,,,
DeleteIpamResourceDiscovery,/#Action=DeleteIpamResourceDiscovery,GET,Deletes an IPAM resource discovery. A resource ...,,delete_ipam_resource_discovery,delete,,,,,
DeleteIpamScope,/#Action=DeleteIpamScope,GET,Delete the scope for an IPAM. You cannot delete...,,delete_ipam_scope,delete,,,,,
DeleteKeyPair,/#Action=DeleteKeyPair,GET,"Deletes the specified key pair, by removing the...",,delete_key_pair,delete,,,,,
DeleteLaunchTemplate,/#Action=DeleteLaunchTemplate,GET,Deletes a launch template. Deleting a launch te...,,delete_launch_template,delete,,,,,
DeleteLaunchTemplateVersions,/#Action=DeleteLaunchTemplateVersions,GET,Deletes one or more versions of a launch templa...,,delete_launch_template_versions,delete,,,,,
DeleteLocalGatewayRoute,/#Action=DeleteLocalGatewayRoute,GET,Deletes the specified route from the specified ...,,delete_local_gateway_route,delete,,,,,
DeleteLocalGatewayRouteTable,/#Action=DeleteLocalGatewayRouteTable,GET,Deletes a local gateway route table.,,delete_local_gateway_route_table,delete,,,,,
DeleteLocalGatewayRouteTableVirtualInterfaceGroupAssociation,/#Action=DeleteLocalGatewayRouteTableVirtualInterfaceGroupAssociation,GET,Deletes a local gateway route table virtual int...,,delete_local_gateway_route_table_virtual_interface_group_association,delete,,,,,
DeleteLocalGatewayRouteTableVpcAssociation,/#Action=DeleteLocalGatewayRouteTableVpcAssociation,GET,Deletes the specified association between a VPC...,,delete_local_gateway_route_table_vpc_association,delete,,,,,
DeleteLocalGatewayVirtualInterface,/#Action=DeleteLocalGatewayVirtualInterface,GET,Deletes the specified local gateway virtual int...,,delete_local_gateway_virtual_interface,delete,,,,,
DeleteLocalGatewayVirtualInterfaceGroup,/#Action=DeleteLocalGatewayVirtualInterfaceGroup,GET,Delete the specified local gateway interface gr...,,delete_local_gateway_virtual_interface_group,delete,,,,,
DeleteManagedPrefixList,/#Action=DeleteManagedPrefixList,GET,Deletes the specified managed prefix list. You ...,,delete_managed_prefix_list,delete,,,,,
DeleteNatGateway,/#Action=DeleteNatGateway,GET,Deletes the specified NAT gateway. Deleting a p...,,delete_nat_gateway,delete,,,,,
DeleteNetworkAcl,/#Action=DeleteNetworkAcl,GET,Deletes the specified network ACL. You can't de...,,delete_network_acl,delete,,,,,
DeleteNetworkAclEntry,/#Action=DeleteNetworkAclEntry,GET,Deletes the specified ingress or egress entry (...,,delete_network_acl_entry,delete,,,,,
DeleteNetworkInsightsAccessScope,/#Action=DeleteNetworkInsightsAccessScope,GET,Deletes the specified Network Access Scope.,,delete_network_insights_access_scope,delete,,,,,
DeleteNetworkInsightsAccessScopeAnalysis,/#Action=DeleteNetworkInsightsAccessScopeAnalysis,GET,Deletes the specified Network Access Scope anal...,,delete_network_insights_access_scope_analysis,delete,,,,,
DeleteNetworkInsightsAnalysis,/#Action=DeleteNetworkInsightsAnalysis,GET,Deletes the specified network insights analysis.,,delete_network_insights_analysis,delete,,,,,
DeleteNetworkInsightsPath,/#Action=DeleteNetworkInsightsPath,GET,Deletes the specified path.,,delete_network_insights_path,delete,,,,,
DeleteNetworkInterface,/#Action=DeleteNetworkInterface,GET,Deletes the specified network interface. You mu...,,delete_network_interface,delete,,,,,
DeleteNetworkInterfacePermission,/#Action=DeleteNetworkInterfacePermission,GET,Deletes a permission for a network interface. B...,,delete_network_interface_permission,delete,,,,,
DeletePlacementGroup,/#Action=DeletePlacementGroup,GET,Deletes the specified placement group. You must...,,delete_placement_group,delete,,,,,
DeletePublicIpv4Pool,/#Action=DeletePublicIpv4Pool,GET,Delete a public IPv4 pool. A public IPv4 pool i...,,delete_public_ipv4_pool,delete,,,,,
DeleteQueuedReservedInstances,/#Action=DeleteQueuedReservedInstances,GET,Deletes the queued purchases for the specified ...,,delete_queued_reserved_instances,delete,,,,,
DeleteRoute,/#Action=DeleteRoute,GET,Deletes the specified route from the specified ...,,delete_route,delete,,,,,
DeleteRouteServer,/#Action=DeleteRouteServer,GET,Deletes the specified route server. Amazon VPC ...,,delete_route_server,delete,,,,,
DeleteRouteServerEndpoint,/#Action=DeleteRouteServerEndpoint,GET,Deletes the specified route server endpoint. A ...,,delete_route_server_endpoint,delete,,,,,
DeleteRouteServerPeer,/#Action=DeleteRouteServerPeer,GET,Deletes the specified BGP peer from a route ser...,,delete_route_server_peer,delete,,,,,
DeleteRouteTable,/#Action=DeleteRouteTable,GET,Deletes the specified route table. You must dis...,,delete_route_table,delete,,,,,
DeleteSecurityGroup,/#Action=DeleteSecurityGroup,GET,Deletes a security group. If you attempt to del...,,delete_security_group,delete,,,,,
DeleteSnapshot,/#Action=DeleteSnapshot,GET,Deletes the specified snapshot. When you make p...,,delete_snapshot,delete,,,,,
DeleteSpotDatafeedSubscription,/#Action=DeleteSpotDatafeedSubscription,GET,Deletes the data feed for Spot Instances.,,delete_spot_datafeed_subscription,delete,,,,,
DeleteSubnet,/#Action=DeleteSubnet,GET,Deletes the specified subnet. You must terminat...,,delete_subnet,delete,,,,,
DeleteSubnetCidrReservation,/#Action=DeleteSubnetCidrReservation,GET,Deletes a subnet CIDR reservation.,,delete_subnet_cidr_reservation,delete,,,,,
DeleteTags,/#Action=DeleteTags,GET,Deletes the specified set of tags from the spec...,,delete_tags,delete,,,,,
DeleteTrafficMirrorFilter,/#Action=DeleteTrafficMirrorFilter,GET,Deletes the specified Traffic Mirror filter. Yo...,,delete_traffic_mirror_filter,delete,,,,,
DeleteTrafficMirrorFilterRule,/#Action=DeleteTrafficMirrorFilterRule,GET,Deletes the specified Traffic Mirror rule.,,delete_traffic_mirror_filter_rule,delete,,,,,
DeleteTrafficMirrorSession,/#Action=DeleteTrafficMirrorSession,GET,Deletes the specified Traffic Mirror session.,,delete_traffic_mirror_session,delete,,,,,
DeleteTrafficMirrorTarget,/#Action=DeleteTrafficMirrorTarget,GET,Deletes the specified Traffic Mirror target. Yo...,,delete_traffic_mirror_target,delete,,,,,
DeleteTransitGateway,/#Action=DeleteTransitGateway,GET,Deletes the specified transit gateway.,,delete_transit_gateway,delete,,,,,
DeleteTransitGatewayConnect,/#Action=DeleteTransitGatewayConnect,GET,Deletes the specified Connect attachment. You m...,,delete_transit_gateway_connect,delete,,,,,
DeleteTransitGatewayConnectPeer,/#Action=DeleteTransitGatewayConnectPeer,GET,Deletes the specified Connect peer.,,delete_transit_gateway_connect_peer,delete,,,,,
DeleteTransitGatewayMeteringPolicy,/#Action=DeleteTransitGatewayMeteringPolicy,GET,Deletes a transit gateway metering policy.,,delete_transit_gateway_metering_policy,delete,,,,,
DeleteTransitGatewayMeteringPolicyEntry,/#Action=DeleteTransitGatewayMeteringPolicyEntry,GET,Deletes an entry from a transit gateway meterin...,,delete_transit_gateway_metering_policy_entry,delete,,,,,
DeleteTransitGatewayMulticastDomain,/#Action=DeleteTransitGatewayMulticastDomain,GET,Deletes the specified transit gateway multicast...,,delete_transit_gateway_multicast_domain,delete,,,,,
DeleteTransitGatewayPeeringAttachment,/#Action=DeleteTransitGatewayPeeringAttachment,GET,Deletes a transit gateway peering attachment.,,delete_transit_gateway_peering_attachment,delete,,,,,
DeleteTransitGatewayPolicyTable,/#Action=DeleteTransitGatewayPolicyTable,GET,Deletes the specified transit gateway policy ta...,,delete_transit_gateway_policy_table,delete,,,,,
DeleteTransitGatewayPrefixListReference,/#Action=DeleteTransitGatewayPrefixListReference,GET,Deletes a reference (route) to a prefix list in...,,delete_transit_gateway_prefix_list_reference,delete,,,,,
DeleteTransitGatewayRoute,/#Action=DeleteTransitGatewayRoute,GET,Deletes the specified route from the specified ...,,delete_transit_gateway_route,delete,,,,,
DeleteTransitGatewayRouteTable,/#Action=DeleteTransitGatewayRouteTable,GET,Deletes the specified transit gateway route tab...,,delete_transit_gateway_route_table,delete,,,,,
DeleteTransitGatewayRouteTableAnnouncement,/#Action=DeleteTransitGatewayRouteTableAnnouncement,GET,Advertises to the transit gateway that a transi...,,delete_transit_gateway_route_table_announcement,delete,,,,,
DeleteTransitGatewayVpcAttachment,/#Action=DeleteTransitGatewayVpcAttachment,GET,Deletes the specified VPC attachment.,,delete_transit_gateway_vpc_attachment,delete,,,,,
DeleteVerifiedAccessEndpoint,/#Action=DeleteVerifiedAccessEndpoint,GET,Delete an Amazon Web Services Verified Access e...,,delete_verified_access_endpoint,delete,,,,,
DeleteVerifiedAccessGroup,/#Action=DeleteVerifiedAccessGroup,GET,Delete an Amazon Web Services Verified Access g...,,delete_verified_access_group,delete,,,,,
DeleteVerifiedAccessInstance,/#Action=DeleteVerifiedAccessInstance,GET,Delete an Amazon Web Services Verified Access i...,,delete_verified_access_instance,delete,,,,,
DeleteVerifiedAccessTrustProvider,/#Action=DeleteVerifiedAccessTrustProvider,GET,Delete an Amazon Web Services Verified Access t...,,delete_verified_access_trust_provider,delete,,,,,
DeleteVolume,/#Action=DeleteVolume,GET,Deletes the specified EBS volume. The volume mu...,,delete_volume,delete,,,,,
DeleteVpc,/#Action=DeleteVpc,GET,Deletes the specified VPC. You must detach or d...,,delete_vpc,delete,,,,,
DeleteVpcBlockPublicAccessExclusion,/#Action=DeleteVpcBlockPublicAccessExclusion,GET,Delete a VPC Block Public Access (BPA) exclusio...,,delete_vpc_block_public_access_exclusion,delete,,,,,
DeleteVpcEncryptionControl,/#Action=DeleteVpcEncryptionControl,GET,Deletes a VPC Encryption Control configuration....,,delete_vpc_encryption_control,delete,,,,,
DeleteVpcEndpointConnectionNotifications,/#Action=DeleteVpcEndpointConnectionNotifications,GET,Deletes the specified VPC endpoint connection n...,,delete_vpc_endpoint_connection_notifications,delete,,,,,
DeleteVpcEndpointServiceConfigurations,/#Action=DeleteVpcEndpointServiceConfigurations,GET,Deletes the specified VPC endpoint service conf...,,delete_vpc_endpoint_service_configurations,delete,,,,,
DeleteVpcEndpoints,/#Action=DeleteVpcEndpoints,GET,Deletes the specified VPC endpoints. When you d...,,delete_vpc_endpoints,delete,,,,,
DeleteVpcPeeringConnection,/#Action=DeleteVpcPeeringConnection,GET,Deletes a VPC peering connection. Either the ow...,,delete_vpc_peering_connection,delete,,,,,
DeleteVpnConcentrator,/#Action=DeleteVpnConcentrator,GET,Deletes the specified VPN concentrator.,,delete_vpn_concentrator,delete,,,,,
DeleteVpnConnection,/#Action=DeleteVpnConnection,GET,Deletes the specified VPN connection. If you're...,,delete_vpn_connection,delete,,,,,
DeleteVpnConnectionRoute,/#Action=DeleteVpnConnectionRoute,GET,Deletes the specified static route associated w...,,delete_vpn_connection_route,delete,,,,,
DeleteVpnGateway,/#Action=DeleteVpnGateway,GET,Deletes the specified virtual private gateway. ...,,delete_vpn_gateway,delete,,,,,
DeprovisionByoipCidr,/#Action=DeprovisionByoipCidr,GET,Releases the specified address range that you p...,,deprovision_byoip_cidr,exec,,,,,
DeprovisionIpamByoasn,/#Action=DeprovisionIpamByoasn,GET,Deprovisions your Autonomous System Number (ASN...,,deprovision_ipam_byoasn,exec,,,,,
DeprovisionIpamPoolCidr,/#Action=DeprovisionIpamPoolCidr,GET,Deprovision a CIDR provisioned from an IPAM poo...,,deprovision_ipam_pool_cidr,exec,,,,,
DeprovisionPublicIpv4PoolCidr,/#Action=DeprovisionPublicIpv4PoolCidr,GET,Deprovision a CIDR from a public IPv4 pool.,,deprovision_public_ipv4_pool_cidr,exec,,,,,
DeregisterImage,/#Action=DeregisterImage,GET,Deregisters the specified AMI. A deregistered A...,,deregister_image,exec,,,,,
DeregisterInstanceEventNotificationAttributes,/#Action=DeregisterInstanceEventNotificationAttributes,GET,Deregisters tag keys to prevent tags that have ...,,deregister_instance_event_notification_attributes,exec,,,,,
DeregisterTransitGatewayMulticastGroupMembers,/#Action=DeregisterTransitGatewayMulticastGroupMembers,GET,Deregisters the specified members (network inte...,,deregister_transit_gateway_multicast_group_members,exec,,,,,
DeregisterTransitGatewayMulticastGroupSources,/#Action=DeregisterTransitGatewayMulticastGroupSources,GET,Deregisters the specified sources (network inte...,,deregister_transit_gateway_multicast_group_sources,exec,,,,,
DescribeAccountAttributes,/#Action=DescribeAccountAttributes,GET,Describes attributes of your Amazon Web Service...,,describe_account_attributes,select,,,,,
DescribeAddressTransfers,/#Action=DescribeAddressTransfers,GET,Describes an Elastic IP address transfer. For m...,,describe_address_transfers,select,$.AddressTransfers,,,,
DescribeAddresses,/#Action=DescribeAddresses,GET,Describes the specified Elastic IP addresses or...,,describe_addresses,select,,,,,
DescribeAddressesAttribute,/#Action=DescribeAddressesAttribute,GET,Describes the attributes of the specified Elast...,,describe_addresses_attribute,select,$.Addresses,,,,
DescribeAggregateIdFormat,/#Action=DescribeAggregateIdFormat,GET,Describes the longer ID format settings for all...,,describe_aggregate_id_format,select,,,,,
DescribeAvailabilityZones,/#Action=DescribeAvailabilityZones,GET,"Describes the Availability Zones, Local Zones, ...",,describe_availability_zones,select,,,,,
DescribeAwsNetworkPerformanceMetricSubscriptions,/#Action=DescribeAwsNetworkPerformanceMetricSubscriptions,GET,Describes the current Infrastructure Performanc...,,describe_aws_network_performance_metric_subscriptions,select,$.Subscriptions,,,,
DescribeBundleTasks,/#Action=DescribeBundleTasks,GET,Describes the specified bundle tasks or all of ...,,describe_bundle_tasks,select,,,,,
DescribeByoipCidrs,/#Action=DescribeByoipCidrs,GET,Describes the IP address ranges that were provi...,,describe_byoip_cidrs,select,$.ByoipCidrs,,,,
DescribeCapacityBlockExtensionHistory,/#Action=DescribeCapacityBlockExtensionHistory,GET,Describes the events for the specified Capacity...,,describe_capacity_block_extension_history,select,$.CapacityBlockExtensions,,,,
DescribeCapacityBlockExtensionOfferings,/#Action=DescribeCapacityBlockExtensionOfferings,GET,Describes Capacity Block extension offerings av...,,describe_capacity_block_extension_offerings,select,$.CapacityBlockExtensionOfferings,,,,
DescribeCapacityBlockOfferings,/#Action=DescribeCapacityBlockOfferings,GET,Describes Capacity Block offerings available fo...,,describe_capacity_block_offerings,select,$.CapacityBlockOfferings,,,,
DescribeCapacityBlockStatus,/#Action=DescribeCapacityBlockStatus,GET,Describes the availability of capacity for the ...,,describe_capacity_block_status,select,$.CapacityBlockStatuses,,,,
DescribeCapacityBlocks,/#Action=DescribeCapacityBlocks,GET,Describes details about Capacity Blocks in the ...,,describe_capacity_blocks,select,$.CapacityBlocks,,,,
DescribeCapacityManagerDataExports,/#Action=DescribeCapacityManagerDataExports,GET,Describes one or more Capacity Manager data exp...,,describe_capacity_manager_data_exports,select,$.CapacityManagerDataExports,,,,
DescribeCapacityReservationBillingRequests,/#Action=DescribeCapacityReservationBillingRequests,GET,Describes a request to assign the billing of th...,,describe_capacity_reservation_billing_requests,select,$.CapacityReservationBillingRequests,,,,
DescribeCapacityReservationFleets,/#Action=DescribeCapacityReservationFleets,GET,Describes one or more Capacity Reservation Fleets.,,describe_capacity_reservation_fleets,select,$.CapacityReservationFleets,,,,
DescribeCapacityReservationTopology,/#Action=DescribeCapacityReservationTopology,GET,Describes a tree-based hierarchy that represent...,,describe_capacity_reservation_topology,select,,,,,
DescribeCapacityReservations,/#Action=DescribeCapacityReservations,GET,Describes one or more of your Capacity Reservat...,,describe_capacity_reservations,select,$.CapacityReservations,,,,
DescribeCarrierGateways,/#Action=DescribeCarrierGateways,GET,Describes one or more of your carrier gateways.,,describe_carrier_gateways,select,$.CarrierGateways,,,,
DescribeClassicLinkInstances,/#Action=DescribeClassicLinkInstances,GET,This action is deprecated. Describes your linke...,,describe_classic_link_instances,select,$.Instances,,,,
DescribeClientVpnAuthorizationRules,/#Action=DescribeClientVpnAuthorizationRules,GET,Describes the authorization rules for a specifi...,,describe_client_vpn_authorization_rules,select,$.AuthorizationRules,,,,
DescribeClientVpnConnections,/#Action=DescribeClientVpnConnections,GET,Describes active client connections and connect...,,describe_client_vpn_connections,select,$.Connections,,,,
DescribeClientVpnEndpoints,/#Action=DescribeClientVpnEndpoints,GET,Describes one or more Client VPN endpoints in t...,,describe_client_vpn_endpoints,select,$.ClientVpnEndpoints,,,,
DescribeClientVpnRoutes,/#Action=DescribeClientVpnRoutes,GET,Describes the routes for the specified Client V...,,describe_client_vpn_routes,select,$.Routes,,,,
DescribeClientVpnTargetNetworks,/#Action=DescribeClientVpnTargetNetworks,GET,Describes the target networks associated with t...,,describe_client_vpn_target_networks,select,$.ClientVpnTargetNetworks,,,,
DescribeCoipPools,/#Action=DescribeCoipPools,GET,Describes the specified customer-owned address ...,,describe_coip_pools,select,$.CoipPools,,,,
DescribeConversionTasks,/#Action=DescribeConversionTasks,GET,Describes the specified conversion tasks or all...,,describe_conversion_tasks,select,,,,,
DescribeCustomerGateways,/#Action=DescribeCustomerGateways,GET,Describes one or more of your VPN customer gate...,,describe_customer_gateways,select,,,,,
DescribeDeclarativePoliciesReports,/#Action=DescribeDeclarativePoliciesReports,GET,Describes the metadata of an account status rep...,,describe_declarative_policies_reports,select,,,,,
DescribeDhcpOptions,/#Action=DescribeDhcpOptions,GET,Describes your DHCP option sets. The default is...,,describe_dhcp_options,select,$.DhcpOptions,,,,
DescribeEgressOnlyInternetGateways,/#Action=DescribeEgressOnlyInternetGateways,GET,Describes your egress-only internet gateways. T...,,describe_egress_only_internet_gateways,select,$.EgressOnlyInternetGateways,,,,
DescribeElasticGpus,/#Action=DescribeElasticGpus,GET,Amazon Elastic Graphics reached end of life on ...,,describe_elastic_gpus,select,,,,,
DescribeExportImageTasks,/#Action=DescribeExportImageTasks,GET,Describes the specified export image tasks or a...,,describe_export_image_tasks,select,$.ExportImageTasks,,,,
DescribeExportTasks,/#Action=DescribeExportTasks,GET,Describes the specified export instance tasks o...,,describe_export_tasks,select,,,,,
DescribeFastLaunchImages,/#Action=DescribeFastLaunchImages,GET,Describe details for Windows AMIs that are conf...,,describe_fast_launch_images,select,$.FastLaunchImages,,,,
DescribeFastSnapshotRestores,/#Action=DescribeFastSnapshotRestores,GET,Describes the state of fast snapshot restores f...,,describe_fast_snapshot_restores,select,$.FastSnapshotRestores,,,,
DescribeFleetHistory,/#Action=DescribeFleetHistory,GET,Describes the events for the specified EC2 Flee...,,describe_fleet_history,select,,,,,
DescribeFleetInstances,/#Action=DescribeFleetInstances,GET,Describes the running instances for the specifi...,,describe_fleet_instances,select,,,,,
DescribeFleets,/#Action=DescribeFleets,GET,Describes the specified EC2 Fleet or all of you...,,describe_fleets,select,$.Fleets,,,,
DescribeFlowLogs,/#Action=DescribeFlowLogs,GET,Describes one or more flow logs. To view the pu...,,describe_flow_logs,select,$.FlowLogs,,,,
DescribeFpgaImageAttribute,/#Action=DescribeFpgaImageAttribute,GET,Describes the specified attribute of the specif...,,describe_fpga_image_attribute,select,,,,,
DescribeFpgaImages,/#Action=DescribeFpgaImages,GET,Describes the Amazon FPGA Images (AFIs) availab...,,describe_fpga_images,select,$.FpgaImages,,,,
DescribeHostReservationOfferings,/#Action=DescribeHostReservationOfferings,GET,Describes the Dedicated Host reservations that ...,,describe_host_reservation_offerings,select,$.OfferingSet,,,,
DescribeHostReservations,/#Action=DescribeHostReservations,GET,Describes reservations that are associated with...,,describe_host_reservations,select,$.HostReservationSet,,,,
DescribeHosts,/#Action=DescribeHosts,GET,Describes the specified Dedicated Hosts or all ...,,describe_hosts,select,$.Hosts,,,,
DescribeIamInstanceProfileAssociations,/#Action=DescribeIamInstanceProfileAssociations,GET,Describes your IAM instance profile associations.,,describe_iam_instance_profile_associations,select,$.IamInstanceProfileAssociations,,,,
DescribeIdFormat,/#Action=DescribeIdFormat,GET,Describes the ID format settings for your resou...,,describe_id_format,select,,,,,
DescribeIdentityIdFormat,/#Action=DescribeIdentityIdFormat,GET,Describes the ID format settings for resources ...,,describe_identity_id_format,select,,,,,
DescribeImageAttribute,/#Action=DescribeImageAttribute,GET,Describes the specified attribute of the specif...,,describe_image_attribute,select,,,,,
DescribeImageReferences,/#Action=DescribeImageReferences,GET,Describes your Amazon Web Services resources th...,,describe_image_references,select,$.ImageReferences,,,,
DescribeImageUsageReportEntries,/#Action=DescribeImageUsageReportEntries,GET,"Describes the entries in image usage reports, s...",,describe_image_usage_report_entries,select,$.ImageUsageReportEntries,,,,
DescribeImageUsageReports,/#Action=DescribeImageUsageReports,GET,Describes the configuration and status of image...,,describe_image_usage_reports,select,$.ImageUsageReports,,,,
DescribeImages,/#Action=DescribeImages,GET,"Describes the specified images (AMIs, AKIs, and...",,describe_images,select,$.Images,,,,
DescribeImportImageTasks,/#Action=DescribeImportImageTasks,GET,Displays details about an import virtual machin...,,describe_import_image_tasks,select,$.ImportImageTasks,,,,
DescribeImportSnapshotTasks,/#Action=DescribeImportSnapshotTasks,GET,Describes your import snapshot tasks.,,describe_import_snapshot_tasks,select,$.ImportSnapshotTasks,,,,
DescribeInstanceAttribute,/#Action=DescribeInstanceAttribute,GET,Describes the specified attribute of the specif...,,describe_instance_attribute,select,,,,,
DescribeInstanceConnectEndpoints,/#Action=DescribeInstanceConnectEndpoints,GET,Describes the specified EC2 Instance Connect En...,,describe_instance_connect_endpoints,select,$.InstanceConnectEndpoints,,,,
DescribeInstanceCreditSpecifications,/#Action=DescribeInstanceCreditSpecifications,GET,Describes the credit option for CPU usage of th...,,describe_instance_credit_specifications,select,$.InstanceCreditSpecifications,,,,
DescribeInstanceEventNotificationAttributes,/#Action=DescribeInstanceEventNotificationAttributes,GET,Describes the tag keys that are registered to a...,,describe_instance_event_notification_attributes,select,,,,,
DescribeInstanceEventWindows,/#Action=DescribeInstanceEventWindows,GET,Describes the specified event windows or all ev...,,describe_instance_event_windows,select,$.InstanceEventWindows,,,,
DescribeInstanceImageMetadata,/#Action=DescribeInstanceImageMetadata,GET,Describes the AMI that was used to launch an in...,,describe_instance_image_metadata,select,$.InstanceImageMetadata,,,,
DescribeInstanceSqlHaHistoryStates,/#Action=DescribeInstanceSqlHaHistoryStates,GET,Describes the historical SQL Server High Availa...,,describe_instance_sql_ha_history_states,select,,,,,
DescribeInstanceSqlHaStates,/#Action=DescribeInstanceSqlHaStates,GET,Describes the SQL Server High Availability stat...,,describe_instance_sql_ha_states,select,,,,,
DescribeInstanceStatus,/#Action=DescribeInstanceStatus,GET,Describes the status of the specified instances...,,describe_instance_status,select,$.InstanceStatuses,,,,
DescribeInstanceTopology,/#Action=DescribeInstanceTopology,GET,Describes a tree-based hierarchy that represent...,,describe_instance_topology,select,$.Instances,,,,
DescribeInstanceTypeOfferings,/#Action=DescribeInstanceTypeOfferings,GET,Lists the instance types that are offered for t...,,describe_instance_type_offerings,select,$.InstanceTypeOfferings,,,,
DescribeInstanceTypes,/#Action=DescribeInstanceTypes,GET,Describes the specified instance types. By defa...,,describe_instance_types,select,$.InstanceTypes,,,,
DescribeInstances,/#Action=DescribeInstances,GET,Describes the specified instances or all instan...,,describe_instances,select,$.Reservations,,,,
DescribeInternetGateways,/#Action=DescribeInternetGateways,GET,Describes your internet gateways. The default i...,,describe_internet_gateways,select,$.InternetGateways,,,,
DescribeIpamByoasn,/#Action=DescribeIpamByoasn,GET,Describes your Autonomous System Numbers (ASNs)...,,describe_ipam_byoasn,select,,,,,
DescribeIpamExternalResourceVerificationTokens,/#Action=DescribeIpamExternalResourceVerificationTokens,GET,Describe verification tokens. A verification to...,,describe_ipam_external_resource_verification_tokens,select,,,,,
DescribeIpamPolicies,/#Action=DescribeIpamPolicies,GET,Describes one or more IPAM policies. An IPAM po...,,describe_ipam_policies,select,,,,,
DescribeIpamPools,/#Action=DescribeIpamPools,GET,Get information about your IPAM pools.,,describe_ipam_pools,select,$.IpamPools,,,,
DescribeIpamPrefixListResolverTargets,/#Action=DescribeIpamPrefixListResolverTargets,GET,Describes one or more IPAM prefix list resolver...,,describe_ipam_prefix_list_resolver_targets,select,$.IpamPrefixListResolverTargets,,,,
DescribeIpamPrefixListResolvers,/#Action=DescribeIpamPrefixListResolvers,GET,Describes one or more IPAM prefix list resolver...,,describe_ipam_prefix_list_resolvers,select,$.IpamPrefixListResolvers,,,,
DescribeIpamResourceDiscoveries,/#Action=DescribeIpamResourceDiscoveries,GET,Describes IPAM resource discoveries. A resource...,,describe_ipam_resource_discoveries,select,$.IpamResourceDiscoveries,,,,
DescribeIpamResourceDiscoveryAssociations,/#Action=DescribeIpamResourceDiscoveryAssociations,GET,Describes resource discovery association with a...,,describe_ipam_resource_discovery_associations,select,$.IpamResourceDiscoveryAssociations,,,,
DescribeIpamScopes,/#Action=DescribeIpamScopes,GET,Get information about your IPAM scopes.,,describe_ipam_scopes,select,$.IpamScopes,,,,
DescribeIpams,/#Action=DescribeIpams,GET,Get information about your IPAM pools. For more...,,describe_ipams,select,$.Ipams,,,,
DescribeIpv6Pools,/#Action=DescribeIpv6Pools,GET,Describes your IPv6 address pools.,,describe_ipv6_pools,select,$.Ipv6Pools,,,,
DescribeKeyPairs,/#Action=DescribeKeyPairs,GET,Describes the specified key pairs or all of you...,,describe_key_pairs,select,,,,,
DescribeLaunchTemplateVersions,/#Action=DescribeLaunchTemplateVersions,GET,Describes one or more versions of a specified l...,,describe_launch_template_versions,select,$.LaunchTemplateVersions,,,,
DescribeLaunchTemplates,/#Action=DescribeLaunchTemplates,GET,Describes one or more launch templates.,,describe_launch_templates,select,$.LaunchTemplates,,,,
DescribeLocalGatewayRouteTableVirtualInterfaceGroupAssociations,/#Action=DescribeLocalGatewayRouteTableVirtualInterfaceGroupAssociations,GET,Describes the associations between virtual inte...,,describe_local_gateway_route_table_virtual_interface_group_associations,select,$.LocalGatewayRouteTableVirtualInterfaceGroupAssociations,,,,
DescribeLocalGatewayRouteTableVpcAssociations,/#Action=DescribeLocalGatewayRouteTableVpcAssociations,GET,Describes the specified associations between VP...,,describe_local_gateway_route_table_vpc_associations,select,$.LocalGatewayRouteTableVpcAssociations,,,,
DescribeLocalGatewayRouteTables,/#Action=DescribeLocalGatewayRouteTables,GET,Describes one or more local gateway route table...,,describe_local_gateway_route_tables,select,$.LocalGatewayRouteTables,,,,
DescribeLocalGatewayVirtualInterfaceGroups,/#Action=DescribeLocalGatewayVirtualInterfaceGroups,GET,Describes the specified local gateway virtual i...,,describe_local_gateway_virtual_interface_groups,select,$.LocalGatewayVirtualInterfaceGroups,,,,
DescribeLocalGatewayVirtualInterfaces,/#Action=DescribeLocalGatewayVirtualInterfaces,GET,Describes the specified local gateway virtual i...,,describe_local_gateway_virtual_interfaces,select,$.LocalGatewayVirtualInterfaces,,,,
DescribeLocalGateways,/#Action=DescribeLocalGateways,GET,Describes one or more local gateways. By defaul...,,describe_local_gateways,select,$.LocalGateways,,,,
DescribeLockedSnapshots,/#Action=DescribeLockedSnapshots,GET,Describes the lock status for a snapshot.,,describe_locked_snapshots,select,,,,,
DescribeMacHosts,/#Action=DescribeMacHosts,GET,Describes the specified EC2 Mac Dedicated Host ...,,describe_mac_hosts,select,$.MacHosts,,,,
DescribeMacModificationTasks,/#Action=DescribeMacModificationTasks,GET,Describes a System Integrity Protection (SIP) m...,,describe_mac_modification_tasks,select,$.MacModificationTasks,,,,
DescribeManagedPrefixLists,/#Action=DescribeManagedPrefixLists,GET,Describes your managed prefix lists and any Ama...,,describe_managed_prefix_lists,select,$.PrefixLists,,,,
DescribeMovingAddresses,/#Action=DescribeMovingAddresses,GET,This action is deprecated. Describes your Elast...,,describe_moving_addresses,select,$.MovingAddressStatuses,,,,
DescribeNatGateways,/#Action=DescribeNatGateways,GET,Describes your NAT gateways. The default is to ...,,describe_nat_gateways,select,$.NatGateways,,,,
DescribeNetworkAcls,/#Action=DescribeNetworkAcls,GET,Describes your network ACLs. The default is to ...,,describe_network_acls,select,$.NetworkAcls,,,,
DescribeNetworkInsightsAccessScopeAnalyses,/#Action=DescribeNetworkInsightsAccessScopeAnalyses,GET,Describes the specified Network Access Scope an...,,describe_network_insights_access_scope_analyses,select,$.NetworkInsightsAccessScopeAnalyses,,,,
DescribeNetworkInsightsAccessScopes,/#Action=DescribeNetworkInsightsAccessScopes,GET,Describes the specified Network Access Scopes.,,describe_network_insights_access_scopes,select,$.NetworkInsightsAccessScopes,,,,
DescribeNetworkInsightsAnalyses,/#Action=DescribeNetworkInsightsAnalyses,GET,Describes one or more of your network insights ...,,describe_network_insights_analyses,select,$.NetworkInsightsAnalyses,,,,
DescribeNetworkInsightsPaths,/#Action=DescribeNetworkInsightsPaths,GET,Describes one or more of your paths.,,describe_network_insights_paths,select,$.NetworkInsightsPaths,,,,
DescribeNetworkInterfaceAttribute,/#Action=DescribeNetworkInterfaceAttribute,GET,Describes a network interface attribute. You ca...,,describe_network_interface_attribute,select,,,,,
DescribeNetworkInterfacePermissions,/#Action=DescribeNetworkInterfacePermissions,GET,Describes the permissions for your network inte...,,describe_network_interface_permissions,select,$.NetworkInterfacePermissions,,,,
DescribeNetworkInterfaces,/#Action=DescribeNetworkInterfaces,GET,Describes the specified network interfaces or a...,,describe_network_interfaces,select,$.NetworkInterfaces,,,,
DescribeOutpostLags,/#Action=DescribeOutpostLags,GET,Describes the Outposts link aggregation groups ...,,describe_outpost_lags,select,,,,,
DescribePlacementGroups,/#Action=DescribePlacementGroups,GET,Describes the specified placement groups or all...,,describe_placement_groups,select,,,,,
DescribePrefixLists,/#Action=DescribePrefixLists,GET,Describes available Amazon Web Services service...,,describe_prefix_lists,select,$.PrefixLists,,,,
DescribePrincipalIdFormat,/#Action=DescribePrincipalIdFormat,GET,Describes the ID format settings for the root u...,,describe_principal_id_format,select,$.Principals,,,,
DescribePublicIpv4Pools,/#Action=DescribePublicIpv4Pools,GET,Describes the specified IPv4 address pools.,,describe_public_ipv4_pools,select,$.PublicIpv4Pools,,,,
DescribeRegions,/#Action=DescribeRegions,GET,Describes the Regions that are enabled for your...,,describe_regions,select,,,,,
DescribeReplaceRootVolumeTasks,/#Action=DescribeReplaceRootVolumeTasks,GET,Describes a root volume replacement task. For m...,,describe_replace_root_volume_tasks,select,$.ReplaceRootVolumeTasks,,,,
DescribeReservedInstances,/#Action=DescribeReservedInstances,GET,Describes one or more of the Reserved Instances...,,describe_reserved_instances,select,,,,,
DescribeReservedInstancesListings,/#Action=DescribeReservedInstancesListings,GET,Describes your account's Reserved Instance list...,,describe_reserved_instances_listings,select,,,,,
DescribeReservedInstancesModifications,/#Action=DescribeReservedInstancesModifications,GET,Describes the modifications made to your Reserv...,,describe_reserved_instances_modifications,select,$.ReservedInstancesModifications,,,,
DescribeReservedInstancesOfferings,/#Action=DescribeReservedInstancesOfferings,GET,Describes Reserved Instance offerings that are ...,,describe_reserved_instances_offerings,select,$.ReservedInstancesOfferings,,,,
DescribeRouteServerEndpoints,/#Action=DescribeRouteServerEndpoints,GET,Describes one or more route server endpoints. A...,,describe_route_server_endpoints,select,$.RouteServerEndpoints,,,,
DescribeRouteServerPeers,/#Action=DescribeRouteServerPeers,GET,Describes one or more route server peers. A rou...,,describe_route_server_peers,select,$.RouteServerPeers,,,,
DescribeRouteServers,/#Action=DescribeRouteServers,GET,Describes one or more route servers. Amazon VPC...,,describe_route_servers,select,$.RouteServers,,,,
DescribeRouteTables,/#Action=DescribeRouteTables,GET,Describes your route tables. The default is to ...,,describe_route_tables,select,$.RouteTables,,,,
DescribeScheduledInstanceAvailability,/#Action=DescribeScheduledInstanceAvailability,GET,Finds available schedules that meet the specifi...,,describe_scheduled_instance_availability,select,$.ScheduledInstanceAvailabilitySet,,,,
DescribeScheduledInstances,/#Action=DescribeScheduledInstances,GET,Describes the specified Scheduled Instances or ...,,describe_scheduled_instances,select,$.ScheduledInstanceSet,,,,
DescribeSecurityGroupReferences,/#Action=DescribeSecurityGroupReferences,GET,Describes the VPCs on the other side of a VPC p...,,describe_security_group_references,select,,,,,
DescribeSecurityGroupRules,/#Action=DescribeSecurityGroupRules,GET,Describes one or more of your security group ru...,,describe_security_group_rules,select,$.SecurityGroupRules,,,,
DescribeSecurityGroupVpcAssociations,/#Action=DescribeSecurityGroupVpcAssociations,GET,Describes security group VPC associations made ...,,describe_security_group_vpc_associations,select,$.SecurityGroupVpcAssociations,,,,
DescribeSecurityGroups,/#Action=DescribeSecurityGroups,GET,Describes the specified security groups or all ...,,describe_security_groups,select,$.SecurityGroups,,,,
DescribeServiceLinkVirtualInterfaces,/#Action=DescribeServiceLinkVirtualInterfaces,GET,Describes the Outpost service link virtual inte...,,describe_service_link_virtual_interfaces,select,,,,,
DescribeSnapshotAttribute,/#Action=DescribeSnapshotAttribute,GET,Describes the specified attribute of the specif...,,describe_snapshot_attribute,select,,,,,
DescribeSnapshotTierStatus,/#Action=DescribeSnapshotTierStatus,GET,Describes the storage tier status of one or mor...,,describe_snapshot_tier_status,select,$.SnapshotTierStatuses,,,,
DescribeSnapshots,/#Action=DescribeSnapshots,GET,Describes the specified EBS snapshots available...,,describe_snapshots,select,$.Snapshots,,,,
DescribeSpotDatafeedSubscription,/#Action=DescribeSpotDatafeedSubscription,GET,Describes the data feed for Spot Instances. For...,,describe_spot_datafeed_subscription,select,,,,,
DescribeSpotFleetInstances,/#Action=DescribeSpotFleetInstances,GET,Describes the running instances for the specifi...,,describe_spot_fleet_instances,select,,,,,
DescribeSpotFleetRequestHistory,/#Action=DescribeSpotFleetRequestHistory,GET,Describes the events for the specified Spot Fle...,,describe_spot_fleet_request_history,select,,,,,
DescribeSpotFleetRequests,/#Action=DescribeSpotFleetRequests,GET,Describes your Spot Fleet requests. Spot Fleet ...,,describe_spot_fleet_requests,select,$.SpotFleetRequestConfigs,,,,
DescribeSpotInstanceRequests,/#Action=DescribeSpotInstanceRequests,GET,Describes the specified Spot Instance requests....,,describe_spot_instance_requests,select,$.SpotInstanceRequests,,,,
DescribeSpotPriceHistory,/#Action=DescribeSpotPriceHistory,GET,Describes the Spot price history. For more info...,,describe_spot_price_history,select,$.SpotPriceHistory,,,,
DescribeStaleSecurityGroups,/#Action=DescribeStaleSecurityGroups,GET,Describes the stale security group rules for se...,,describe_stale_security_groups,select,$.StaleSecurityGroupSet,,,,
DescribeStoreImageTasks,/#Action=DescribeStoreImageTasks,GET,Describes the progress of the AMI store tasks. ...,,describe_store_image_tasks,select,$.StoreImageTaskResults,,,,
DescribeSubnets,/#Action=DescribeSubnets,GET,Describes your subnets. The default is to descr...,,describe_subnets,select,$.Subnets,,,,
DescribeTags,/#Action=DescribeTags,GET,Describes the specified tags for your EC2 resou...,,describe_tags,select,$.Tags,,,,
DescribeTrafficMirrorFilterRules,/#Action=DescribeTrafficMirrorFilterRules,GET,Describe traffic mirror filters that determine ...,,describe_traffic_mirror_filter_rules,select,,,,,
DescribeTrafficMirrorFilters,/#Action=DescribeTrafficMirrorFilters,GET,Describes one or more Traffic Mirror filters.,,describe_traffic_mirror_filters,select,$.TrafficMirrorFilters,,,,
DescribeTrafficMirrorSessions,/#Action=DescribeTrafficMirrorSessions,GET,Describes one or more Traffic Mirror sessions. ...,,describe_traffic_mirror_sessions,select,$.TrafficMirrorSessions,,,,
DescribeTrafficMirrorTargets,/#Action=DescribeTrafficMirrorTargets,GET,Information about one or more Traffic Mirror ta...,,describe_traffic_mirror_targets,select,$.TrafficMirrorTargets,,,,
DescribeTransitGatewayAttachments,/#Action=DescribeTransitGatewayAttachments,GET,Describes one or more attachments between resou...,,describe_transit_gateway_attachments,select,$.TransitGatewayAttachments,,,,
DescribeTransitGatewayConnectPeers,/#Action=DescribeTransitGatewayConnectPeers,GET,Describes one or more Connect peers.,,describe_transit_gateway_connect_peers,select,$.TransitGatewayConnectPeers,,,,
DescribeTransitGatewayConnects,/#Action=DescribeTransitGatewayConnects,GET,Describes one or more Connect attachments.,,describe_transit_gateway_connects,select,$.TransitGatewayConnects,,,,
DescribeTransitGatewayMeteringPolicies,/#Action=DescribeTransitGatewayMeteringPolicies,GET,Describes one or more transit gateway metering ...,,describe_transit_gateway_metering_policies,select,,,,,
DescribeTransitGatewayMulticastDomains,/#Action=DescribeTransitGatewayMulticastDomains,GET,Describes one or more transit gateway multicast...,,describe_transit_gateway_multicast_domains,select,$.TransitGatewayMulticastDomains,,,,
DescribeTransitGatewayPeeringAttachments,/#Action=DescribeTransitGatewayPeeringAttachments,GET,Describes your transit gateway peering attachme...,,describe_transit_gateway_peering_attachments,select,$.TransitGatewayPeeringAttachments,,,,
DescribeTransitGatewayPolicyTables,/#Action=DescribeTransitGatewayPolicyTables,GET,Describes one or more transit gateway route pol...,,describe_transit_gateway_policy_tables,select,$.TransitGatewayPolicyTables,,,,
DescribeTransitGatewayRouteTableAnnouncements,/#Action=DescribeTransitGatewayRouteTableAnnouncements,GET,Describes one or more transit gateway route tab...,,describe_transit_gateway_route_table_announcements,select,$.TransitGatewayRouteTableAnnouncements,,,,
DescribeTransitGatewayRouteTables,/#Action=DescribeTransitGatewayRouteTables,GET,Describes one or more transit gateway route tab...,,describe_transit_gateway_route_tables,select,$.TransitGatewayRouteTables,,,,
DescribeTransitGatewayVpcAttachments,/#Action=DescribeTransitGatewayVpcAttachments,GET,Describes one or more VPC attachments. By defau...,,describe_transit_gateway_vpc_attachments,select,$.TransitGatewayVpcAttachments,,,,
DescribeTransitGateways,/#Action=DescribeTransitGateways,GET,Describes one or more transit gateways. By defa...,,describe_transit_gateways,select,$.TransitGateways,,,,
DescribeTrunkInterfaceAssociations,/#Action=DescribeTrunkInterfaceAssociations,GET,Describes one or more network interface trunk a...,,describe_trunk_interface_associations,select,$.InterfaceAssociations,,,,
DescribeVerifiedAccessEndpoints,/#Action=DescribeVerifiedAccessEndpoints,GET,Describes the specified Amazon Web Services Ver...,,describe_verified_access_endpoints,select,$.VerifiedAccessEndpoints,,,,
DescribeVerifiedAccessGroups,/#Action=DescribeVerifiedAccessGroups,GET,Describes the specified Verified Access groups.,,describe_verified_access_groups,select,$.VerifiedAccessGroups,,,,
DescribeVerifiedAccessInstanceLoggingConfigurations,/#Action=DescribeVerifiedAccessInstanceLoggingConfigurations,GET,Describes the specified Amazon Web Services Ver...,,describe_verified_access_instance_logging_configurations,select,$.LoggingConfigurations,,,,
DescribeVerifiedAccessInstances,/#Action=DescribeVerifiedAccessInstances,GET,Describes the specified Amazon Web Services Ver...,,describe_verified_access_instances,select,$.VerifiedAccessInstances,,,,
DescribeVerifiedAccessTrustProviders,/#Action=DescribeVerifiedAccessTrustProviders,GET,Describes the specified Amazon Web Services Ver...,,describe_verified_access_trust_providers,select,$.VerifiedAccessTrustProviders,,,,
DescribeVolumeAttribute,/#Action=DescribeVolumeAttribute,GET,Describes the specified attribute of the specif...,,describe_volume_attribute,select,,,,,
DescribeVolumeStatus,/#Action=DescribeVolumeStatus,GET,Describes the status of the specified volumes. ...,,describe_volume_status,select,$.VolumeStatuses,,,,
DescribeVolumes,/#Action=DescribeVolumes,GET,Describes the specified EBS volumes or all of y...,,describe_volumes,select,$.Volumes,,,,
DescribeVolumesModifications,/#Action=DescribeVolumesModifications,GET,Describes the most recent volume modification r...,,describe_volumes_modifications,select,$.VolumesModifications,,,,
DescribeVpcAttribute,/#Action=DescribeVpcAttribute,GET,Describes the specified attribute of the specif...,,describe_vpc_attribute,select,,,,,
DescribeVpcBlockPublicAccessExclusions,/#Action=DescribeVpcBlockPublicAccessExclusions,GET,Describe VPC Block Public Access (BPA) exclusio...,,describe_vpc_block_public_access_exclusions,select,,,,,
DescribeVpcBlockPublicAccessOptions,/#Action=DescribeVpcBlockPublicAccessOptions,GET,Describe VPC Block Public Access (BPA) options....,,describe_vpc_block_public_access_options,select,,,,,
DescribeVpcClassicLink,/#Action=DescribeVpcClassicLink,GET,This action is deprecated. Describes the Classi...,,describe_vpc_classic_link,select,,,,,
DescribeVpcClassicLinkDnsSupport,/#Action=DescribeVpcClassicLinkDnsSupport,GET,This action is deprecated. Describes the Classi...,,describe_vpc_classic_link_dns_support,select,$.Vpcs,,,,
DescribeVpcEncryptionControls,/#Action=DescribeVpcEncryptionControls,GET,Describes one or more VPC Encryption Control co...,,describe_vpc_encryption_controls,select,,,,,
DescribeVpcEndpointAssociations,/#Action=DescribeVpcEndpointAssociations,GET,"Describes the VPC resources, VPC endpoint servi...",,describe_vpc_endpoint_associations,select,,,,,
DescribeVpcEndpointConnectionNotifications,/#Action=DescribeVpcEndpointConnectionNotifications,GET,Describes the connection notifications for VPC ...,,describe_vpc_endpoint_connection_notifications,select,$.ConnectionNotificationSet,,,,
DescribeVpcEndpointConnections,/#Action=DescribeVpcEndpointConnections,GET,Describes the VPC endpoint connections to your ...,,describe_vpc_endpoint_connections,select,$.VpcEndpointConnections,,,,
DescribeVpcEndpointServiceConfigurations,/#Action=DescribeVpcEndpointServiceConfigurations,GET,Describes the VPC endpoint service configuratio...,,describe_vpc_endpoint_service_configurations,select,$.ServiceConfigurations,,,,
DescribeVpcEndpointServicePermissions,/#Action=DescribeVpcEndpointServicePermissions,GET,Describes the principals (service consumers) th...,,describe_vpc_endpoint_service_permissions,select,$.AllowedPrincipals,,,,
DescribeVpcEndpointServices,/#Action=DescribeVpcEndpointServices,GET,Describes available services to which you can c...,,describe_vpc_endpoint_services,select,,,,,
DescribeVpcEndpoints,/#Action=DescribeVpcEndpoints,GET,Describes your VPC endpoints. The default is to...,,describe_vpc_endpoints,select,$.VpcEndpoints,,,,
DescribeVpcPeeringConnections,/#Action=DescribeVpcPeeringConnections,GET,Describes your VPC peering connections. The def...,,describe_vpc_peering_connections,select,$.VpcPeeringConnections,,,,
DescribeVpcs,/#Action=DescribeVpcs,GET,Describes your VPCs. The default is to describe...,,describe_vpcs,select,$.Vpcs,,,,
DescribeVpnConcentrators,/#Action=DescribeVpnConcentrators,GET,Describes one or more of your VPN concentrators.,,describe_vpn_concentrators,select,$.VpnConcentrators,,,,
DescribeVpnConnections,/#Action=DescribeVpnConnections,GET,Describes one or more of your VPN connections. ...,,describe_vpn_connections,select,,,,,
DescribeVpnGateways,/#Action=DescribeVpnGateways,GET,Describes one or more of your virtual private g...,,describe_vpn_gateways,select,,,,,
DetachClassicLinkVpc,/#Action=DetachClassicLinkVpc,GET,This action is deprecated. Unlinks (detaches) a...,,detach_classic_link_vpc,exec,,,,,
DetachInternetGateway,/#Action=DetachInternetGateway,GET,"Detaches an internet gateway from a VPC, disabl...",,detach_internet_gateway,exec,,,,,
DetachNetworkInterface,/#Action=DetachNetworkInterface,GET,Detaches a network interface from an instance.,,detach_network_interface,exec,,,,,
DetachVerifiedAccessTrustProvider,/#Action=DetachVerifiedAccessTrustProvider,GET,Detaches the specified Amazon Web Services Veri...,,detach_verified_access_trust_provider,exec,,,,,
DetachVolume,/#Action=DetachVolume,GET,Detaches an EBS volume from an instance. Make s...,,detach_volume,exec,,,,,
DetachVpnGateway,/#Action=DetachVpnGateway,GET,Detaches a virtual private gateway from a VPC. ...,,detach_vpn_gateway,exec,,,,,
DisableAddressTransfer,/#Action=DisableAddressTransfer,GET,Disables Elastic IP address transfer. For more ...,,disable_address_transfer,exec,,,,,
DisableAllowedImagesSettings,/#Action=DisableAllowedImagesSettings,GET,Disables Allowed AMIs for your account in the s...,,disable_allowed_images_settings,exec,,,,,
DisableAwsNetworkPerformanceMetricSubscription,/#Action=DisableAwsNetworkPerformanceMetricSubscription,GET,Disables Infrastructure Performance metric subs...,,disable_aws_network_performance_metric_subscription,exec,,,,,
DisableCapacityManager,/#Action=DisableCapacityManager,GET,Disables EC2 Capacity Manager for your account....,,disable_capacity_manager,exec,,,,,
DisableEbsEncryptionByDefault,/#Action=DisableEbsEncryptionByDefault,GET,Disables EBS encryption by default for your acc...,,disable_ebs_encryption_by_default,exec,,,,,
DisableFastLaunch,/#Action=DisableFastLaunch,GET,Discontinue Windows fast launch for a Windows A...,,disable_fast_launch,exec,,,,,
DisableFastSnapshotRestores,/#Action=DisableFastSnapshotRestores,GET,Disables fast snapshot restores for the specifi...,,disable_fast_snapshot_restores,exec,,,,,
DisableImage,/#Action=DisableImage,GET,Sets the AMI state to `disabled` and removes al...,,disable_image,exec,,,,,
DisableImageBlockPublicAccess,/#Action=DisableImageBlockPublicAccess,GET,Disables _block public access for AMIs_ at the ...,,disable_image_block_public_access,exec,,,,,
DisableImageDeprecation,/#Action=DisableImageDeprecation,GET,Cancels the deprecation of the specified AMI. F...,,disable_image_deprecation,exec,,,,,
DisableImageDeregistrationProtection,/#Action=DisableImageDeregistrationProtection,GET,Disables deregistration protection for an AMI. ...,,disable_image_deregistration_protection,exec,,,,,
DisableInstanceSqlHaStandbyDetections,/#Action=DisableInstanceSqlHaStandbyDetections,GET,Disable Amazon EC2 instances running in an SQL ...,,disable_instance_sql_ha_standby_detections,exec,,,,,
DisableIpamOrganizationAdminAccount,/#Action=DisableIpamOrganizationAdminAccount,GET,"Disable the IPAM account. For more information,...",,disable_ipam_organization_admin_account,exec,,,,,
DisableIpamPolicy,/#Action=DisableIpamPolicy,GET,Disables an IPAM policy. An IPAM policy is a se...,,disable_ipam_policy,exec,,,,,
DisableRouteServerPropagation,/#Action=DisableRouteServerPropagation,GET,Disables route propagation from a route server ...,,disable_route_server_propagation,exec,,,,,
DisableSerialConsoleAccess,/#Action=DisableSerialConsoleAccess,GET,Disables access to the EC2 serial console of al...,,disable_serial_console_access,exec,,,,,
DisableSnapshotBlockPublicAccess,/#Action=DisableSnapshotBlockPublicAccess,GET,Disables the _block public access for snapshots...,,disable_snapshot_block_public_access,exec,,,,,
DisableTransitGatewayRouteTablePropagation,/#Action=DisableTransitGatewayRouteTablePropagation,GET,Disables the specified resource attachment from...,,disable_transit_gateway_route_table_propagation,exec,,,,,
DisableVgwRoutePropagation,/#Action=DisableVgwRoutePropagation,GET,Disables a virtual private gateway (VGW) from p...,,disable_vgw_route_propagation,exec,,,,,
DisableVpcClassicLink,/#Action=DisableVpcClassicLink,GET,This action is deprecated. Disables ClassicLink...,,disable_vpc_classic_link,exec,,,,,
DisableVpcClassicLinkDnsSupport,/#Action=DisableVpcClassicLinkDnsSupport,GET,This action is deprecated. Disables ClassicLink...,,disable_vpc_classic_link_dns_support,exec,,,,,
DisassociateAddress,/#Action=DisassociateAddress,GET,Disassociates an Elastic IP address from the in...,,disassociate_address,exec,,,,,
DisassociateCapacityReservationBillingOwner,/#Action=DisassociateCapacityReservationBillingOwner,GET,Cancels a pending request to assign billing of ...,,disassociate_capacity_reservation_billing_owner,exec,,,,,
DisassociateClientVpnTargetNetwork,/#Action=DisassociateClientVpnTargetNetwork,GET,Disassociates a target network from the specifi...,,disassociate_client_vpn_target_network,exec,,,,,
DisassociateEnclaveCertificateIamRole,/#Action=DisassociateEnclaveCertificateIamRole,GET,Disassociates an IAM role from an Certificate M...,,disassociate_enclave_certificate_iam_role,exec,,,,,
DisassociateIamInstanceProfile,/#Action=DisassociateIamInstanceProfile,GET,Disassociates an IAM instance profile from a ru...,,disassociate_iam_instance_profile,exec,,,,,
DisassociateInstanceEventWindow,/#Action=DisassociateInstanceEventWindow,GET,Disassociates one or more targets from an event...,,disassociate_instance_event_window,exec,,,,,
DisassociateIpamByoasn,/#Action=DisassociateIpamByoasn,GET,Remove the association between your Autonomous ...,,disassociate_ipam_byoasn,exec,,,,,
DisassociateIpamResourceDiscovery,/#Action=DisassociateIpamResourceDiscovery,GET,Disassociates a resource discovery from an Amaz...,,disassociate_ipam_resource_discovery,exec,,,,,
DisassociateNatGatewayAddress,/#Action=DisassociateNatGatewayAddress,GET,Disassociates secondary Elastic IP addresses (E...,,disassociate_nat_gateway_address,exec,,,,,
DisassociateRouteServer,/#Action=DisassociateRouteServer,GET,Disassociates a route server from a VPC. A rout...,,disassociate_route_server,exec,,,,,
DisassociateRouteTable,/#Action=DisassociateRouteTable,GET,Disassociates a subnet or gateway from a route ...,,disassociate_route_table,exec,,,,,
DisassociateSecurityGroupVpc,/#Action=DisassociateSecurityGroupVpc,GET,Disassociates a security group from a VPC. You ...,,disassociate_security_group_vpc,exec,,,,,
DisassociateSubnetCidrBlock,/#Action=DisassociateSubnetCidrBlock,GET,Disassociates a CIDR block from a subnet. Curre...,,disassociate_subnet_cidr_block,exec,,,,,
DisassociateTransitGatewayMulticastDomain,/#Action=DisassociateTransitGatewayMulticastDomain,GET,Disassociates the specified subnets from the tr...,,disassociate_transit_gateway_multicast_domain,exec,,,,,
DisassociateTransitGatewayPolicyTable,/#Action=DisassociateTransitGatewayPolicyTable,GET,Removes the association between an an attachmen...,,disassociate_transit_gateway_policy_table,exec,,,,,
DisassociateTransitGatewayRouteTable,/#Action=DisassociateTransitGatewayRouteTable,GET,Disassociates a resource attachment from a tran...,,disassociate_transit_gateway_route_table,exec,,,,,
DisassociateTrunkInterface,/#Action=DisassociateTrunkInterface,GET,Removes an association between a branch network...,,disassociate_trunk_interface,exec,,,,,
DisassociateVpcCidrBlock,/#Action=DisassociateVpcCidrBlock,GET,Disassociates a CIDR block from a VPC. To disas...,,disassociate_vpc_cidr_block,exec,,,,,
EnableAddressTransfer,/#Action=EnableAddressTransfer,GET,Enables Elastic IP address transfer. For more i...,,enable_address_transfer,exec,,,,,
EnableAllowedImagesSettings,/#Action=EnableAllowedImagesSettings,GET,Enables Allowed AMIs for your account in the sp...,,enable_allowed_images_settings,exec,,,,,
EnableAwsNetworkPerformanceMetricSubscription,/#Action=EnableAwsNetworkPerformanceMetricSubscription,GET,Enables Infrastructure Performance subscriptions.,,enable_aws_network_performance_metric_subscription,exec,,,,,
EnableCapacityManager,/#Action=EnableCapacityManager,GET,Enables EC2 Capacity Manager for your account. ...,,enable_capacity_manager,exec,,,,,
EnableEbsEncryptionByDefault,/#Action=EnableEbsEncryptionByDefault,GET,Enables EBS encryption by default for your acco...,,enable_ebs_encryption_by_default,exec,,,,,
EnableFastLaunch,/#Action=EnableFastLaunch,GET,When you enable Windows fast launch for a Windo...,,enable_fast_launch,exec,,,,,
EnableFastSnapshotRestores,/#Action=EnableFastSnapshotRestores,GET,Enables fast snapshot restores for the specifie...,,enable_fast_snapshot_restores,exec,,,,,
EnableImage,/#Action=EnableImage,GET,Re-enables a disabled AMI. The re-enabled AMI i...,,enable_image,exec,,,,,
EnableImageBlockPublicAccess,/#Action=EnableImageBlockPublicAccess,GET,Enables _block public access for AMIs_ at the a...,,enable_image_block_public_access,exec,,,,,
EnableImageDeprecation,/#Action=EnableImageDeprecation,GET,Enables deprecation of the specified AMI at the...,,enable_image_deprecation,exec,,,,,
EnableImageDeregistrationProtection,/#Action=EnableImageDeregistrationProtection,GET,Enables deregistration protection for an AMI. W...,,enable_image_deregistration_protection,exec,,,,,
EnableInstanceSqlHaStandbyDetections,/#Action=EnableInstanceSqlHaStandbyDetections,GET,Enable Amazon EC2 instances running in an SQL S...,,enable_instance_sql_ha_standby_detections,exec,,,,,
EnableIpamOrganizationAdminAccount,/#Action=EnableIpamOrganizationAdminAccount,GET,Enable an Organizations member account as the I...,,enable_ipam_organization_admin_account,exec,,,,,
EnableIpamPolicy,/#Action=EnableIpamPolicy,GET,Enables an IPAM policy. An IPAM policy is a set...,,enable_ipam_policy,exec,,,,,
EnableReachabilityAnalyzerOrganizationSharing,/#Action=EnableReachabilityAnalyzerOrganizationSharing,GET,Establishes a trust relationship between Reacha...,,enable_reachability_analyzer_organization_sharing,exec,,,,,
EnableRouteServerPropagation,/#Action=EnableRouteServerPropagation,GET,Defines which route tables the route server can...,,enable_route_server_propagation,exec,,,,,
EnableSerialConsoleAccess,/#Action=EnableSerialConsoleAccess,GET,Enables access to the EC2 serial console of all...,,enable_serial_console_access,exec,,,,,
EnableSnapshotBlockPublicAccess,/#Action=EnableSnapshotBlockPublicAccess,GET,Enables or modifies the _block public access fo...,,enable_snapshot_block_public_access,exec,,,,,
EnableTransitGatewayRouteTablePropagation,/#Action=EnableTransitGatewayRouteTablePropagation,GET,Enables the specified attachment to propagate r...,,enable_transit_gateway_route_table_propagation,exec,,,,,
EnableVgwRoutePropagation,/#Action=EnableVgwRoutePropagation,GET,Enables a virtual private gateway (VGW) to prop...,,enable_vgw_route_propagation,exec,,,,,
EnableVolumeIO,/#Action=EnableVolumeIO,GET,Enables I/O operations for a volume that had I/...,,enable_volume_io,exec,,,,,
EnableVpcClassicLink,/#Action=EnableVpcClassicLink,GET,This action is deprecated. Enables a VPC for Cl...,,enable_vpc_classic_link,exec,,,,,
EnableVpcClassicLinkDnsSupport,/#Action=EnableVpcClassicLinkDnsSupport,GET,This action is deprecated. Enables a VPC to sup...,,enable_vpc_classic_link_dns_support,exec,,,,,
ExportClientVpnClientCertificateRevocationList,/#Action=ExportClientVpnClientCertificateRevocationList,GET,Downloads the client certificate revocation lis...,,export_client_vpn_client_certificate_revocation_list,exec,,,,,
ExportClientVpnClientConfiguration,/#Action=ExportClientVpnClientConfiguration,GET,Downloads the contents of the Client VPN endpoi...,,export_client_vpn_client_configuration,exec,,,,,
ExportImage,/#Action=ExportImage,GET,Exports an Amazon Machine Image (AMI) to a VM f...,,export_image,exec,,,,,
ExportTransitGatewayRoutes,/#Action=ExportTransitGatewayRoutes,GET,Exports routes from the specified transit gatew...,,export_transit_gateway_routes,exec,,,,,
ExportVerifiedAccessInstanceClientConfiguration,/#Action=ExportVerifiedAccessInstanceClientConfiguration,GET,Exports the client configuration for a Verified...,,export_verified_access_instance_client_configuration,exec,,,,,
GetActiveVpnTunnelStatus,/#Action=GetActiveVpnTunnelStatus,GET,Returns the currently negotiated security param...,,get_active_vpn_tunnel_status,select,,,,,
GetAllowedImagesSettings,/#Action=GetAllowedImagesSettings,GET,Gets the current state of the Allowed AMIs sett...,,get_allowed_images_settings,select,,,,,
GetAssociatedEnclaveCertificateIamRoles,/#Action=GetAssociatedEnclaveCertificateIamRoles,GET,Returns the IAM roles that are associated with ...,,get_associated_enclave_certificate_iam_roles,select,,,,,
GetAssociatedIpv6PoolCidrs,/#Action=GetAssociatedIpv6PoolCidrs,GET,Gets information about the IPv6 CIDR block asso...,,get_associated_ipv6_pool_cidrs,select,$.Ipv6CidrAssociations,,,,
GetAwsNetworkPerformanceData,/#Action=GetAwsNetworkPerformanceData,GET,Gets network performance data.,,get_aws_network_performance_data,select,$.DataResponses,,,,
GetCapacityManagerAttributes,/#Action=GetCapacityManagerAttributes,GET,Retrieves the current configuration and status ...,,get_capacity_manager_attributes,select,,,,,
GetCapacityManagerMetricData,/#Action=GetCapacityManagerMetricData,GET,Retrieves capacity usage metrics for your EC2 r...,,get_capacity_manager_metric_data,select,$.MetricDataResults,,,,
GetCapacityManagerMetricDimensions,/#Action=GetCapacityManagerMetricDimensions,GET,Retrieves the available dimension values for ca...,,get_capacity_manager_metric_dimensions,select,$.MetricDimensionResults,,,,
GetCapacityReservationUsage,/#Action=GetCapacityReservationUsage,GET,Gets usage information about a Capacity Reserva...,,get_capacity_reservation_usage,select,,,,,
GetCoipPoolUsage,/#Action=GetCoipPoolUsage,GET,Describes the allocations from the specified cu...,,get_coip_pool_usage,select,,,,,
GetConsoleOutput,/#Action=GetConsoleOutput,GET,Gets the console output for the specified insta...,,get_console_output,select,,,,,
GetConsoleScreenshot,/#Action=GetConsoleScreenshot,GET,Retrieve a JPG-format screenshot of a running i...,,get_console_screenshot,select,,,,,
GetDeclarativePoliciesReportSummary,/#Action=GetDeclarativePoliciesReportSummary,GET,Retrieves a summary of the account status repor...,,get_declarative_policies_report_summary,select,,,,,
GetDefaultCreditSpecification,/#Action=GetDefaultCreditSpecification,GET,Describes the default credit option for CPU usa...,,get_default_credit_specification,select,,,,,
GetEbsDefaultKmsKeyId,/#Action=GetEbsDefaultKmsKeyId,GET,Describes the default KMS key for EBS encryptio...,,get_ebs_default_kms_key_id,select,,,,,
GetEbsEncryptionByDefault,/#Action=GetEbsEncryptionByDefault,GET,Describes whether EBS encryption by default is ...,,get_ebs_encryption_by_default,select,,,,,
GetEnabledIpamPolicy,/#Action=GetEnabledIpamPolicy,GET,Gets the enabled IPAM policy. An IPAM policy is...,,get_enabled_ipam_policy,select,,,,,
GetFlowLogsIntegrationTemplate,/#Action=GetFlowLogsIntegrationTemplate,GET,Generates a CloudFormation template that stream...,,get_flow_logs_integration_template,select,,,,,
GetGroupsForCapacityReservation,/#Action=GetGroupsForCapacityReservation,GET,Lists the resource groups to which a Capacity R...,,get_groups_for_capacity_reservation,select,$.CapacityReservationGroups,,,,
GetHostReservationPurchasePreview,/#Action=GetHostReservationPurchasePreview,GET,Preview a reservation purchase with configurati...,,get_host_reservation_purchase_preview,select,,,,,
GetImageAncestry,/#Action=GetImageAncestry,GET,Retrieves the ancestry chain of the specified A...,,get_image_ancestry,select,,,,,
GetImageBlockPublicAccessState,/#Action=GetImageBlockPublicAccessState,GET,Gets the current state of _block public access ...,,get_image_block_public_access_state,select,,,,,
GetInstanceMetadataDefaults,/#Action=GetInstanceMetadataDefaults,GET,Gets the default instance metadata service (IMD...,,get_instance_metadata_defaults,select,,,,,
GetInstanceTpmEkPub,/#Action=GetInstanceTpmEkPub,GET,Gets the public endorsement key associated with...,,get_instance_tpm_ek_pub,select,,,,,
GetInstanceTypesFromInstanceRequirements,/#Action=GetInstanceTypesFromInstanceRequirements,GET,Returns a list of instance types with the speci...,,get_instance_types_from_instance_requirements,select,$.InstanceTypes,,,,
GetInstanceUefiData,/#Action=GetInstanceUefiData,GET,A binary representation of the UEFI variable st...,,get_instance_uefi_data,select,,,,,
GetIpamAddressHistory,/#Action=GetIpamAddressHistory,GET,Retrieve historical information about a CIDR wi...,,get_ipam_address_history,select,$.HistoryRecords,,,,
GetIpamDiscoveredAccounts,/#Action=GetIpamDiscoveredAccounts,GET,Gets IPAM discovered accounts. A discovered acc...,,get_ipam_discovered_accounts,select,$.IpamDiscoveredAccounts,,,,
GetIpamDiscoveredPublicAddresses,/#Action=GetIpamDiscoveredPublicAddresses,GET,Gets the public IP addresses that have been dis...,,get_ipam_discovered_public_addresses,select,,,,,
GetIpamDiscoveredResourceCidrs,/#Action=GetIpamDiscoveredResourceCidrs,GET,Returns the resource CIDRs that are monitored a...,,get_ipam_discovered_resource_cidrs,select,$.IpamDiscoveredResourceCidrs,,,,
GetIpamPolicyAllocationRules,/#Action=GetIpamPolicyAllocationRules,GET,Gets the allocation rules for an IPAM policy. A...,,get_ipam_policy_allocation_rules,select,,,,,
GetIpamPolicyOrganizationTargets,/#Action=GetIpamPolicyOrganizationTargets,GET,Gets the Amazon Web Services Organizations targ...,,get_ipam_policy_organization_targets,select,,,,,
GetIpamPoolAllocations,/#Action=GetIpamPoolAllocations,GET,Get a list of all the CIDR allocations in an IP...,,get_ipam_pool_allocations,select,$.IpamPoolAllocations,,,,
GetIpamPoolCidrs,/#Action=GetIpamPoolCidrs,GET,Get the CIDRs provisioned to an IPAM pool.,,get_ipam_pool_cidrs,select,$.IpamPoolCidrs,,,,
GetIpamPrefixListResolverRules,/#Action=GetIpamPrefixListResolverRules,GET,Retrieves the CIDR selection rules for an IPAM ...,,get_ipam_prefix_list_resolver_rules,select,$.Rules,,,,
GetIpamPrefixListResolverVersionEntries,/#Action=GetIpamPrefixListResolverVersionEntries,GET,Retrieves the CIDR entries for a specific versi...,,get_ipam_prefix_list_resolver_version_entries,select,$.Entries,,,,
GetIpamPrefixListResolverVersions,/#Action=GetIpamPrefixListResolverVersions,GET,Retrieves version information for an IPAM prefi...,,get_ipam_prefix_list_resolver_versions,select,$.IpamPrefixListResolverVersions,,,,
GetIpamResourceCidrs,/#Action=GetIpamResourceCidrs,GET,Returns resource CIDRs managed by IPAM in a giv...,,get_ipam_resource_cidrs,select,$.IpamResourceCidrs,,,,
GetLaunchTemplateData,/#Action=GetLaunchTemplateData,GET,Retrieves the configuration data of the specifi...,,get_launch_template_data,select,,,,,
GetManagedPrefixListAssociations,/#Action=GetManagedPrefixListAssociations,GET,Gets information about the resources that are a...,,get_managed_prefix_list_associations,select,$.PrefixListAssociations,,,,
GetManagedPrefixListEntries,/#Action=GetManagedPrefixListEntries,GET,Gets information about the entries for a specif...,,get_managed_prefix_list_entries,select,$.Entries,,,,
GetNetworkInsightsAccessScopeAnalysisFindings,/#Action=GetNetworkInsightsAccessScopeAnalysisFindings,GET,Gets the findings for the specified Network Acc...,,get_network_insights_access_scope_analysis_findings,select,$.AnalysisFindings,,,,
GetNetworkInsightsAccessScopeContent,/#Action=GetNetworkInsightsAccessScopeContent,GET,Gets the content for the specified Network Acce...,,get_network_insights_access_scope_content,select,,,,,
GetPasswordData,/#Action=GetPasswordData,GET,Retrieves the encrypted administrator password ...,,get_password_data,select,,,,,
GetReservedInstancesExchangeQuote,/#Action=GetReservedInstancesExchangeQuote,GET,Returns a quote and exchange information for ex...,,get_reserved_instances_exchange_quote,select,,,,,
GetRouteServerAssociations,/#Action=GetRouteServerAssociations,GET,Gets information about the associations for the...,,get_route_server_associations,select,,,,,
GetRouteServerPropagations,/#Action=GetRouteServerPropagations,GET,Gets information about the route propagations f...,,get_route_server_propagations,select,,,,,
GetRouteServerRoutingDatabase,/#Action=GetRouteServerRoutingDatabase,GET,Gets the routing database for the specified rou...,,get_route_server_routing_database,select,,,,,
GetSecurityGroupsForVpc,/#Action=GetSecurityGroupsForVpc,GET,Gets security groups that can be associated by ...,,get_security_groups_for_vpc,select,$.SecurityGroupForVpcs,,,,
GetSerialConsoleAccessStatus,/#Action=GetSerialConsoleAccessStatus,GET,Retrieves the access status of your account to ...,,get_serial_console_access_status,select,,,,,
GetSnapshotBlockPublicAccessState,/#Action=GetSnapshotBlockPublicAccessState,GET,Gets the current state of _block public access ...,,get_snapshot_block_public_access_state,select,,,,,
GetSpotPlacementScores,/#Action=GetSpotPlacementScores,GET,Calculates the Spot placement score for a Regio...,,get_spot_placement_scores,select,$.SpotPlacementScores,,,,
GetSubnetCidrReservations,/#Action=GetSubnetCidrReservations,GET,Gets information about the subnet CIDR reservat...,,get_subnet_cidr_reservations,select,,,,,
GetTransitGatewayAttachmentPropagations,/#Action=GetTransitGatewayAttachmentPropagations,GET,Lists the route tables to which the specified r...,,get_transit_gateway_attachment_propagations,select,$.TransitGatewayAttachmentPropagations,,,,
GetTransitGatewayMeteringPolicyEntries,/#Action=GetTransitGatewayMeteringPolicyEntries,GET,Retrieves the entries for a transit gateway met...,,get_transit_gateway_metering_policy_entries,select,,,,,
GetTransitGatewayMulticastDomainAssociations,/#Action=GetTransitGatewayMulticastDomainAssociations,GET,Gets information about the associations for the...,,get_transit_gateway_multicast_domain_associations,select,$.MulticastDomainAssociations,,,,
GetTransitGatewayPolicyTableAssociations,/#Action=GetTransitGatewayPolicyTableAssociations,GET,Gets a list of the transit gateway policy table...,,get_transit_gateway_policy_table_associations,select,$.Associations,,,,
GetTransitGatewayPolicyTableEntries,/#Action=GetTransitGatewayPolicyTableEntries,GET,Returns a list of transit gateway policy table ...,,get_transit_gateway_policy_table_entries,select,,,,,
GetTransitGatewayPrefixListReferences,/#Action=GetTransitGatewayPrefixListReferences,GET,Gets information about the prefix list referenc...,,get_transit_gateway_prefix_list_references,select,$.TransitGatewayPrefixListReferences,,,,
GetTransitGatewayRouteTableAssociations,/#Action=GetTransitGatewayRouteTableAssociations,GET,Gets information about the associations for the...,,get_transit_gateway_route_table_associations,select,$.Associations,,,,
GetTransitGatewayRouteTablePropagations,/#Action=GetTransitGatewayRouteTablePropagations,GET,Gets information about the route table propagat...,,get_transit_gateway_route_table_propagations,select,$.TransitGatewayRouteTablePropagations,,,,
GetVerifiedAccessEndpointPolicy,/#Action=GetVerifiedAccessEndpointPolicy,GET,Get the Verified Access policy associated with ...,,get_verified_access_endpoint_policy,select,,,,,
GetVerifiedAccessEndpointTargets,/#Action=GetVerifiedAccessEndpointTargets,GET,Gets the targets for the specified network CIDR...,,get_verified_access_endpoint_targets,select,,,,,
GetVerifiedAccessGroupPolicy,/#Action=GetVerifiedAccessGroupPolicy,GET,Shows the contents of the Verified Access polic...,,get_verified_access_group_policy,select,,,,,
GetVpcResourcesBlockingEncryptionEnforcement,/#Action=GetVpcResourcesBlockingEncryptionEnforcement,GET,Gets information about resources in a VPC that ...,,get_vpc_resources_blocking_encryption_enforcement,select,,,,,
GetVpnConnectionDeviceSampleConfiguration,/#Action=GetVpnConnectionDeviceSampleConfiguration,GET,Download an Amazon Web Services-provided sample...,,get_vpn_connection_device_sample_configuration,select,,,,,
GetVpnConnectionDeviceTypes,/#Action=GetVpnConnectionDeviceTypes,GET,Obtain a list of customer gateway devices for w...,,get_vpn_connection_device_types,select,$.VpnConnectionDeviceTypes,,,,
GetVpnTunnelReplacementStatus,/#Action=GetVpnTunnelReplacementStatus,GET,Get details of available tunnel endpoint mainte...,,get_vpn_tunnel_replacement_status,select,,,,,
ImportClientVpnClientCertificateRevocationList,/#Action=ImportClientVpnClientCertificateRevocationList,GET,Uploads a client certificate revocation list to...,,import_client_vpn_client_certificate_revocation_list,exec,,,,,
ImportImage,/#Action=ImportImage,GET,To import your virtual machines (VMs) with a co...,,import_image,exec,,,,,
ImportInstance,/#Action=ImportInstance,GET,We recommend that you use the [ `ImportImage` ]...,,import_instance,exec,,,,,
ImportKeyPair,/#Action=ImportKeyPair,GET,Imports the public key from an RSA or ED25519 k...,,import_key_pair,exec,,,,,
ImportSnapshot,/#Action=ImportSnapshot,GET,Imports a disk into an EBS snapshot. For more i...,,import_snapshot,exec,,,,,
ImportVolume,/#Action=ImportVolume,GET,This API action supports only single-volume VMs...,,import_volume,exec,,,,,
ListImagesInRecycleBin,/#Action=ListImagesInRecycleBin,GET,Lists one or more AMIs that are currently in th...,,list_images_in_recycle_bin,select,$.Images,,,,
ListSnapshotsInRecycleBin,/#Action=ListSnapshotsInRecycleBin,GET,Lists one or more snapshots that are currently ...,,list_snapshots_in_recycle_bin,select,$.Snapshots,,,,
ListVolumesInRecycleBin,/#Action=ListVolumesInRecycleBin,GET,Lists one or more volumes that are currently in...,,list_volumes_in_recycle_bin,select,,,,,
LockSnapshot,/#Action=LockSnapshot,GET,Locks an Amazon EBS snapshot in either _governa...,,lock_snapshot,exec,,,,,
ModifyAddressAttribute,/#Action=ModifyAddressAttribute,GET,Modifies an attribute of the specified Elastic ...,,modify_address_attribute,exec,,,,,
ModifyAvailabilityZoneGroup,/#Action=ModifyAvailabilityZoneGroup,GET,Changes the opt-in status of the specified zone...,,modify_availability_zone_group,exec,,,,,
ModifyCapacityReservation,/#Action=ModifyCapacityReservation,GET,"Modifies a Capacity Reservation's capacity, ins...",,modify_capacity_reservation,exec,,,,,
ModifyCapacityReservationFleet,/#Action=ModifyCapacityReservationFleet,GET,Modifies a Capacity Reservation Fleet. When you...,,modify_capacity_reservation_fleet,exec,,,,,
ModifyClientVpnEndpoint,/#Action=ModifyClientVpnEndpoint,GET,Modifies the specified Client VPN endpoint. Mod...,,modify_client_vpn_endpoint,exec,,,,,
ModifyDefaultCreditSpecification,/#Action=ModifyDefaultCreditSpecification,GET,Modifies the default credit option for CPU usag...,,modify_default_credit_specification,exec,,,,,
ModifyEbsDefaultKmsKeyId,/#Action=ModifyEbsDefaultKmsKeyId,GET,Changes the default KMS key for EBS encryption ...,,modify_ebs_default_kms_key_id,exec,,,,,
ModifyFleet,/#Action=ModifyFleet,GET,Modifies the specified EC2 Fleet. You can only ...,,modify_fleet,exec,,,,,
ModifyFpgaImageAttribute,/#Action=ModifyFpgaImageAttribute,GET,Modifies the specified attribute of the specifi...,,modify_fpga_image_attribute,exec,,,,,
ModifyHosts,/#Action=ModifyHosts,GET,Modify the auto-placement setting of a Dedicate...,,modify_hosts,exec,,,,,
ModifyIdFormat,/#Action=ModifyIdFormat,GET,Modifies the ID format for the specified resour...,,modify_id_format,exec,,,,,
ModifyIdentityIdFormat,/#Action=ModifyIdentityIdFormat,GET,Modifies the ID format of a resource for a spec...,,modify_identity_id_format,exec,,,,,
ModifyImageAttribute,/#Action=ModifyImageAttribute,GET,Modifies the specified attribute of the specifi...,,modify_image_attribute,exec,,,,,
ModifyInstanceAttribute,/#Action=ModifyInstanceAttribute,GET,Modifies the specified attribute of the specifi...,,modify_instance_attribute,exec,,,,,
ModifyInstanceCapacityReservationAttributes,/#Action=ModifyInstanceCapacityReservationAttributes,GET,Modifies the Capacity Reservation settings for ...,,modify_instance_capacity_reservation_attributes,exec,,,,,
ModifyInstanceConnectEndpoint,/#Action=ModifyInstanceConnectEndpoint,GET,Modifies the specified EC2 Instance Connect End...,,modify_instance_connect_endpoint,exec,,,,,
ModifyInstanceCpuOptions,/#Action=ModifyInstanceCpuOptions,GET,"By default, all vCPUs for the instance type are...",,modify_instance_cpu_options,exec,,,,,
ModifyInstanceCreditSpecification,/#Action=ModifyInstanceCreditSpecification,GET,Modifies the credit option for CPU usage on a r...,,modify_instance_credit_specification,exec,,,,,
ModifyInstanceEventStartTime,/#Action=ModifyInstanceEventStartTime,GET,Modifies the start time for a scheduled Amazon ...,,modify_instance_event_start_time,exec,,,,,
ModifyInstanceEventWindow,/#Action=ModifyInstanceEventWindow,GET,Modifies the specified event window. You can de...,,modify_instance_event_window,exec,,,,,
ModifyInstanceMaintenanceOptions,/#Action=ModifyInstanceMaintenanceOptions,GET,Modifies the recovery behavior of your instance...,,modify_instance_maintenance_options,exec,,,,,
ModifyInstanceMetadataDefaults,/#Action=ModifyInstanceMetadataDefaults,GET,Modifies the default instance metadata service ...,,modify_instance_metadata_defaults,exec,,,,,
ModifyInstanceMetadataOptions,/#Action=ModifyInstanceMetadataOptions,GET,Modify the instance metadata parameters on a ru...,,modify_instance_metadata_options,exec,,,,,
ModifyInstanceNetworkPerformanceOptions,/#Action=ModifyInstanceNetworkPerformanceOptions,GET,Change the configuration of the network perform...,,modify_instance_network_performance_options,exec,,,,,
ModifyInstancePlacement,/#Action=ModifyInstancePlacement,GET,Modifies the placement attributes for a specifi...,,modify_instance_placement,exec,,,,,
ModifyIpam,/#Action=ModifyIpam,GET,Modify the configurations of an IPAM.,,modify_ipam,exec,,,,,
ModifyIpamPolicyAllocationRules,/#Action=ModifyIpamPolicyAllocationRules,GET,Modifies the allocation rules in an IPAM policy...,,modify_ipam_policy_allocation_rules,exec,,,,,
ModifyIpamPool,/#Action=ModifyIpamPool,GET,Modify the configurations of an IPAM pool. For ...,,modify_ipam_pool,exec,,,,,
ModifyIpamPrefixListResolver,/#Action=ModifyIpamPrefixListResolver,GET,Modifies an IPAM prefix list resolver. You can ...,,modify_ipam_prefix_list_resolver,exec,,,,,
ModifyIpamPrefixListResolverTarget,/#Action=ModifyIpamPrefixListResolverTarget,GET,Modifies an IPAM prefix list resolver target. Y...,,modify_ipam_prefix_list_resolver_target,exec,,,,,
ModifyIpamResourceCidr,/#Action=ModifyIpamResourceCidr,GET,Modify a resource CIDR. You can use this action...,,modify_ipam_resource_cidr,exec,,,,,
ModifyIpamResourceDiscovery,/#Action=ModifyIpamResourceDiscovery,GET,Modifies a resource discovery. A resource disco...,,modify_ipam_resource_discovery,exec,,,,,
ModifyIpamScope,/#Action=ModifyIpamScope,GET,Modify an IPAM scope.,,modify_ipam_scope,exec,,,,,
ModifyLaunchTemplate,/#Action=ModifyLaunchTemplate,GET,Modifies a launch template. You can specify whi...,,modify_launch_template,exec,,,,,
ModifyLocalGatewayRoute,/#Action=ModifyLocalGatewayRoute,GET,Modifies the specified local gateway route.,,modify_local_gateway_route,exec,,,,,
ModifyManagedPrefixList,/#Action=ModifyManagedPrefixList,GET,Modifies the specified managed prefix list. Add...,,modify_managed_prefix_list,exec,,,,,
ModifyNetworkInterfaceAttribute,/#Action=ModifyNetworkInterfaceAttribute,GET,Modifies the specified network interface attrib...,,modify_network_interface_attribute,exec,,,,,
ModifyPrivateDnsNameOptions,/#Action=ModifyPrivateDnsNameOptions,GET,Modifies the options for instance hostnames for...,,modify_private_dns_name_options,exec,,,,,
ModifyPublicIpDnsNameOptions,/#Action=ModifyPublicIpDnsNameOptions,GET,Modify public hostname options for a network in...,,modify_public_ip_dns_name_options,exec,,,,,
ModifyReservedInstances,/#Action=ModifyReservedInstances,GET,Modifies the configuration of your Reserved Ins...,,modify_reserved_instances,exec,,,,,
ModifyRouteServer,/#Action=ModifyRouteServer,GET,Modifies the configuration of an existing route...,,modify_route_server,exec,,,,,
ModifySecurityGroupRules,/#Action=ModifySecurityGroupRules,GET,Modifies the rules of a security group.,,modify_security_group_rules,exec,,,,,
ModifySnapshotAttribute,/#Action=ModifySnapshotAttribute,GET,Adds or removes permission settings for the spe...,,modify_snapshot_attribute,exec,,,,,
ModifySnapshotTier,/#Action=ModifySnapshotTier,GET,Archives an Amazon EBS snapshot. When you archi...,,modify_snapshot_tier,exec,,,,,
ModifySpotFleetRequest,/#Action=ModifySpotFleetRequest,GET,Modifies the specified Spot Fleet request. You ...,,modify_spot_fleet_request,exec,,,,,
ModifySubnetAttribute,/#Action=ModifySubnetAttribute,GET,Modifies a subnet attribute. You can only modif...,,modify_subnet_attribute,exec,,,,,
ModifyTrafficMirrorFilterNetworkServices,/#Action=ModifyTrafficMirrorFilterNetworkServices,GET,Allows or restricts mirroring network services....,,modify_traffic_mirror_filter_network_services,exec,,,,,
ModifyTrafficMirrorFilterRule,/#Action=ModifyTrafficMirrorFilterRule,GET,Modifies the specified Traffic Mirror rule. `De...,,modify_traffic_mirror_filter_rule,exec,,,,,
ModifyTrafficMirrorSession,/#Action=ModifyTrafficMirrorSession,GET,Modifies a Traffic Mirror session.,,modify_traffic_mirror_session,exec,,,,,
ModifyTransitGateway,/#Action=ModifyTransitGateway,GET,Modifies the specified transit gateway. When yo...,,modify_transit_gateway,exec,,,,,
ModifyTransitGatewayMeteringPolicy,/#Action=ModifyTransitGatewayMeteringPolicy,GET,Modifies a transit gateway metering policy.,,modify_transit_gateway_metering_policy,exec,,,,,
ModifyTransitGatewayPrefixListReference,/#Action=ModifyTransitGatewayPrefixListReference,GET,Modifies a reference (route) to a prefix list i...,,modify_transit_gateway_prefix_list_reference,exec,,,,,
ModifyTransitGatewayVpcAttachment,/#Action=ModifyTransitGatewayVpcAttachment,GET,Modifies the specified VPC attachment.,,modify_transit_gateway_vpc_attachment,exec,,,,,
ModifyVerifiedAccessEndpoint,/#Action=ModifyVerifiedAccessEndpoint,GET,Modifies the configuration of the specified Ama...,,modify_verified_access_endpoint,exec,,,,,
ModifyVerifiedAccessEndpointPolicy,/#Action=ModifyVerifiedAccessEndpointPolicy,GET,Modifies the specified Amazon Web Services Veri...,,modify_verified_access_endpoint_policy,exec,,,,,
ModifyVerifiedAccessGroup,/#Action=ModifyVerifiedAccessGroup,GET,Modifies the specified Amazon Web Services Veri...,,modify_verified_access_group,exec,,,,,
ModifyVerifiedAccessGroupPolicy,/#Action=ModifyVerifiedAccessGroupPolicy,GET,Modifies the specified Amazon Web Services Veri...,,modify_verified_access_group_policy,exec,,,,,
ModifyVerifiedAccessInstance,/#Action=ModifyVerifiedAccessInstance,GET,Modifies the configuration of the specified Ama...,,modify_verified_access_instance,exec,,,,,
ModifyVerifiedAccessInstanceLoggingConfiguration,/#Action=ModifyVerifiedAccessInstanceLoggingConfiguration,GET,Modifies the logging configuration for the spec...,,modify_verified_access_instance_logging_configuration,exec,,,,,
ModifyVerifiedAccessTrustProvider,/#Action=ModifyVerifiedAccessTrustProvider,GET,Modifies the configuration of the specified Ama...,,modify_verified_access_trust_provider,exec,,,,,
ModifyVolume,/#Action=ModifyVolume,GET,You can modify several parameters of an existin...,,modify_volume,exec,,,,,
ModifyVolumeAttribute,/#Action=ModifyVolumeAttribute,GET,"Modifies a volume attribute. By default, all I/...",,modify_volume_attribute,exec,,,,,
ModifyVpcAttribute,/#Action=ModifyVpcAttribute,GET,Modifies the specified attribute of the specifi...,,modify_vpc_attribute,exec,,,,,
ModifyVpcBlockPublicAccessExclusion,/#Action=ModifyVpcBlockPublicAccessExclusion,GET,Modify VPC Block Public Access (BPA) exclusions...,,modify_vpc_block_public_access_exclusion,exec,,,,,
ModifyVpcBlockPublicAccessOptions,/#Action=ModifyVpcBlockPublicAccessOptions,GET,Modify VPC Block Public Access (BPA) options. V...,,modify_vpc_block_public_access_options,exec,,,,,
ModifyVpcEncryptionControl,/#Action=ModifyVpcEncryptionControl,GET,Modifies the encryption control configuration f...,,modify_vpc_encryption_control,exec,,,,,
ModifyVpcEndpoint,/#Action=ModifyVpcEndpoint,GET,Modifies attributes of a specified VPC endpoint...,,modify_vpc_endpoint,exec,,,,,
ModifyVpcEndpointConnectionNotification,/#Action=ModifyVpcEndpointConnectionNotification,GET,Modifies a connection notification for VPC endp...,,modify_vpc_endpoint_connection_notification,exec,,,,,
ModifyVpcEndpointServiceConfiguration,/#Action=ModifyVpcEndpointServiceConfiguration,GET,Modifies the attributes of the specified VPC en...,,modify_vpc_endpoint_service_configuration,exec,,,,,
ModifyVpcEndpointServicePayerResponsibility,/#Action=ModifyVpcEndpointServicePayerResponsibility,GET,Modifies the payer responsibility for your VPC ...,,modify_vpc_endpoint_service_payer_responsibility,exec,,,,,
ModifyVpcEndpointServicePermissions,/#Action=ModifyVpcEndpointServicePermissions,GET,Modifies the permissions for your VPC endpoint ...,,modify_vpc_endpoint_service_permissions,exec,,,,,
ModifyVpcPeeringConnectionOptions,/#Action=ModifyVpcPeeringConnectionOptions,GET,Modifies the VPC peering connection options on ...,,modify_vpc_peering_connection_options,exec,,,,,
ModifyVpcTenancy,/#Action=ModifyVpcTenancy,GET,Modifies the instance tenancy attribute of the ...,,modify_vpc_tenancy,exec,,,,,
ModifyVpnConnection,/#Action=ModifyVpnConnection,GET,Modifies the customer gateway or the target gat...,,modify_vpn_connection,exec,,,,,
ModifyVpnConnectionOptions,/#Action=ModifyVpnConnectionOptions,GET,Modifies the connection options for your Site-t...,,modify_vpn_connection_options,exec,,,,,
ModifyVpnTunnelCertificate,/#Action=ModifyVpnTunnelCertificate,GET,Modifies the VPN tunnel endpoint certificate.,,modify_vpn_tunnel_certificate,exec,,,,,
ModifyVpnTunnelOptions,/#Action=ModifyVpnTunnelOptions,GET,Modifies the options for a VPN tunnel in an Ama...,,modify_vpn_tunnel_options,exec,,,,,
MonitorInstances,/#Action=MonitorInstances,GET,Enables detailed monitoring for a running insta...,,monitor_instances,exec,,,,,
MoveAddressToVpc,/#Action=MoveAddressToVpc,GET,This action is deprecated. Moves an Elastic IP ...,,move_address_to_vpc,exec,,,,,
MoveByoipCidrToIpam,/#Action=MoveByoipCidrToIpam,GET,Move a BYOIPv4 CIDR to IPAM from a public IPv4 ...,,move_byoip_cidr_to_ipam,exec,,,,,
MoveCapacityReservationInstances,/#Action=MoveCapacityReservationInstances,GET,Move available capacity from a source Capacity ...,,move_capacity_reservation_instances,exec,,,,,
ProvisionByoipCidr,/#Action=ProvisionByoipCidr,GET,Provisions an IPv4 or IPv6 address range for us...,,provision_byoip_cidr,exec,,,,,
ProvisionIpamByoasn,/#Action=ProvisionIpamByoasn,GET,Provisions your Autonomous System Number (ASN) ...,,provision_ipam_byoasn,exec,,,,,
ProvisionIpamPoolCidr,/#Action=ProvisionIpamPoolCidr,GET,Provision a CIDR to an IPAM pool. You can use t...,,provision_ipam_pool_cidr,exec,,,,,
ProvisionPublicIpv4PoolCidr,/#Action=ProvisionPublicIpv4PoolCidr,GET,Provision a CIDR to a public IPv4 pool. For mor...,,provision_public_ipv4_pool_cidr,exec,,,,,
PurchaseCapacityBlock,/#Action=PurchaseCapacityBlock,GET,Purchase the Capacity Block for use with your a...,,purchase_capacity_block,exec,,,,,
PurchaseCapacityBlockExtension,/#Action=PurchaseCapacityBlockExtension,GET,Purchase the Capacity Block extension for use w...,,purchase_capacity_block_extension,exec,,,,,
PurchaseHostReservation,/#Action=PurchaseHostReservation,GET,Purchase a reservation with configurations that...,,purchase_host_reservation,exec,,,,,
PurchaseReservedInstancesOffering,/#Action=PurchaseReservedInstancesOffering,GET,Purchases a Reserved Instance for use with your...,,purchase_reserved_instances_offering,exec,,,,,
PurchaseScheduledInstances,/#Action=PurchaseScheduledInstances,GET,You can no longer purchase Scheduled Instances....,,purchase_scheduled_instances,exec,,,,,
RebootInstances,/#Action=RebootInstances,GET,Requests a reboot of the specified instances. T...,,reboot_instances,exec,,,,,
RegisterImage,/#Action=RegisterImage,GET,Registers an AMI. When you're creating an insta...,,register_image,exec,,,,,
RegisterInstanceEventNotificationAttributes,/#Action=RegisterInstanceEventNotificationAttributes,GET,Registers a set of tag keys to include in sched...,,register_instance_event_notification_attributes,exec,,,,,
RegisterTransitGatewayMulticastGroupMembers,/#Action=RegisterTransitGatewayMulticastGroupMembers,GET,Registers members (network interfaces) with the...,,register_transit_gateway_multicast_group_members,exec,,,,,
RegisterTransitGatewayMulticastGroupSources,/#Action=RegisterTransitGatewayMulticastGroupSources,GET,Registers sources (network interfaces) with the...,,register_transit_gateway_multicast_group_sources,exec,,,,,
RejectCapacityReservationBillingOwnership,/#Action=RejectCapacityReservationBillingOwnership,GET,Rejects a request to assign billing of the avai...,,reject_capacity_reservation_billing_ownership,exec,,,,,
RejectTransitGatewayMulticastDomainAssociations,/#Action=RejectTransitGatewayMulticastDomainAssociations,GET,Rejects a request to associate cross-account su...,,reject_transit_gateway_multicast_domain_associations,exec,,,,,
RejectTransitGatewayPeeringAttachment,/#Action=RejectTransitGatewayPeeringAttachment,GET,Rejects a transit gateway peering attachment re...,,reject_transit_gateway_peering_attachment,exec,,,,,
RejectTransitGatewayVpcAttachment,/#Action=RejectTransitGatewayVpcAttachment,GET,Rejects a request to attach a VPC to a transit ...,,reject_transit_gateway_vpc_attachment,exec,,,,,
RejectVpcEndpointConnections,/#Action=RejectVpcEndpointConnections,GET,Rejects VPC endpoint connection requests to you...,,reject_vpc_endpoint_connections,exec,,,,,
RejectVpcPeeringConnection,/#Action=RejectVpcPeeringConnection,GET,Rejects a VPC peering connection request. The V...,,reject_vpc_peering_connection,exec,,,,,
ReleaseAddress,/#Action=ReleaseAddress,GET,Releases the specified Elastic IP address. [Def...,,release_address,exec,,,,,
ReleaseHosts,/#Action=ReleaseHosts,GET,When you no longer want to use an On-Demand Ded...,,release_hosts,exec,,,,,
ReleaseIpamPoolAllocation,/#Action=ReleaseIpamPoolAllocation,GET,Release an allocation within an IPAM pool. The ...,,release_ipam_pool_allocation,exec,,,,,
ReplaceIamInstanceProfileAssociation,/#Action=ReplaceIamInstanceProfileAssociation,GET,Replaces an IAM instance profile for the specif...,,replace_iam_instance_profile_association,replace,,,,,
ReplaceImageCriteriaInAllowedImagesSettings,/#Action=ReplaceImageCriteriaInAllowedImagesSettings,GET,Sets or replaces the criteria for Allowed AMIs....,,replace_image_criteria_in_allowed_images_settings,replace,,,,,
ReplaceNetworkAclAssociation,/#Action=ReplaceNetworkAclAssociation,GET,Changes which network ACL a subnet is associate...,,replace_network_acl_association,replace,,,,,
ReplaceNetworkAclEntry,/#Action=ReplaceNetworkAclEntry,GET,Replaces an entry (rule) in a network ACL. For ...,,replace_network_acl_entry,replace,,,,,
ReplaceRoute,/#Action=ReplaceRoute,GET,Replaces an existing route within a route table...,,replace_route,replace,,,,,
ReplaceRouteTableAssociation,/#Action=ReplaceRouteTableAssociation,GET,Changes the route table associated with a given...,,replace_route_table_association,replace,,,,,
ReplaceTransitGatewayRoute,/#Action=ReplaceTransitGatewayRoute,GET,Replaces the specified route in the specified t...,,replace_transit_gateway_route,replace,,,,,
ReplaceVpnTunnel,/#Action=ReplaceVpnTunnel,GET,Trigger replacement of specified VPN tunnel.,,replace_vpn_tunnel,replace,,,,,
ReportInstanceStatus,/#Action=ReportInstanceStatus,GET,Submits feedback about the status of an instanc...,,report_instance_status,exec,,,,,
RequestSpotFleet,/#Action=RequestSpotFleet,GET,Creates a Spot Fleet request. The Spot Fleet re...,,request_spot_fleet,exec,,,,,
RequestSpotInstances,/#Action=RequestSpotInstances,GET,Creates a Spot Instance request. For more infor...,,request_spot_instances,exec,,,,,
ResetAddressAttribute,/#Action=ResetAddressAttribute,GET,Resets the attribute of the specified IP addres...,,reset_address_attribute,exec,,,,,
ResetEbsDefaultKmsKeyId,/#Action=ResetEbsDefaultKmsKeyId,GET,Resets the default KMS key for EBS encryption f...,,reset_ebs_default_kms_key_id,exec,,,,,
ResetFpgaImageAttribute,/#Action=ResetFpgaImageAttribute,GET,Resets the specified attribute of the specified...,,reset_fpga_image_attribute,exec,,,,,
ResetImageAttribute,/#Action=ResetImageAttribute,GET,Resets an attribute of an AMI to its default va...,,reset_image_attribute,exec,,,,,
ResetInstanceAttribute,/#Action=ResetInstanceAttribute,GET,Resets an attribute of an instance to its defau...,,reset_instance_attribute,exec,,,,,
ResetNetworkInterfaceAttribute,/#Action=ResetNetworkInterfaceAttribute,GET,Resets a network interface attribute. You can s...,,reset_network_interface_attribute,exec,,,,,
ResetSnapshotAttribute,/#Action=ResetSnapshotAttribute,GET,Resets permission settings for the specified sn...,,reset_snapshot_attribute,exec,,,,,
RestoreAddressToClassic,/#Action=RestoreAddressToClassic,GET,This action is deprecated. Restores an Elastic ...,,restore_address_to_classic,exec,,,,,
RestoreImageFromRecycleBin,/#Action=RestoreImageFromRecycleBin,GET,Restores an AMI from the Recycle Bin. For more ...,,restore_image_from_recycle_bin,exec,,,,,
RestoreManagedPrefixListVersion,/#Action=RestoreManagedPrefixListVersion,GET,Restores the entries from a previous version of...,,restore_managed_prefix_list_version,exec,,,,,
RestoreSnapshotFromRecycleBin,/#Action=RestoreSnapshotFromRecycleBin,GET,Restores a snapshot from the Recycle Bin. For m...,,restore_snapshot_from_recycle_bin,exec,,,,,
RestoreSnapshotTier,/#Action=RestoreSnapshotTier,GET,Restores an archived Amazon EBS snapshot for us...,,restore_snapshot_tier,exec,,,,,
RestoreVolumeFromRecycleBin,/#Action=RestoreVolumeFromRecycleBin,GET,Restores a volume from the Recycle Bin. For mor...,,restore_volume_from_recycle_bin,exec,,,,,
RevokeClientVpnIngress,/#Action=RevokeClientVpnIngress,GET,Removes an ingress authorization rule from a Cl...,,revoke_client_vpn_ingress,exec,,,,,
RevokeSecurityGroupEgress,/#Action=RevokeSecurityGroupEgress,GET,Removes the specified outbound (egress) rules f...,,revoke_security_group_egress,exec,,,,,
RevokeSecurityGroupIngress,/#Action=RevokeSecurityGroupIngress,GET,Removes the specified inbound (ingress) rules f...,,revoke_security_group_ingress,exec,,,,,
RunInstances,/#Action=RunInstances,GET,Launches the specified number of instances usin...,,run_instances,exec,,,,,
RunScheduledInstances,/#Action=RunScheduledInstances,GET,Launches the specified Scheduled Instances. Bef...,,run_scheduled_instances,exec,,,,,
SearchLocalGatewayRoutes,/#Action=SearchLocalGatewayRoutes,GET,Searches for routes in the specified local gate...,,search_local_gateway_routes,exec,$.Routes,,,,
SearchTransitGatewayMulticastGroups,/#Action=SearchTransitGatewayMulticastGroups,GET,Searches one or more transit gateway multicast ...,,search_transit_gateway_multicast_groups,exec,$.MulticastGroups,,,,
SearchTransitGatewayRoutes,/#Action=SearchTransitGatewayRoutes,GET,Searches for routes in the specified transit ga...,,search_transit_gateway_routes,exec,,,,,
SendDiagnosticInterrupt,/#Action=SendDiagnosticInterrupt,GET,Sends a diagnostic interrupt to the specified A...,,send_diagnostic_interrupt,exec,,,,,
StartDeclarativePoliciesReport,/#Action=StartDeclarativePoliciesReport,GET,Generates an account status report. The report ...,,start_declarative_policies_report,exec,,,,,
StartInstances,/#Action=StartInstances,GET,Starts an Amazon EBS-backed instance that you'v...,,start_instances,exec,,,,,
StartNetworkInsightsAccessScopeAnalysis,/#Action=StartNetworkInsightsAccessScopeAnalysis,GET,Starts analyzing the specified Network Access S...,,start_network_insights_access_scope_analysis,exec,,,,,
StartNetworkInsightsAnalysis,/#Action=StartNetworkInsightsAnalysis,GET,Starts analyzing the specified path. If the pat...,,start_network_insights_analysis,exec,,,,,
StartVpcEndpointServicePrivateDnsVerification,/#Action=StartVpcEndpointServicePrivateDnsVerification,GET,Initiates the verification process to prove tha...,,start_vpc_endpoint_service_private_dns_verification,exec,,,,,
StopInstances,/#Action=StopInstances,GET,Stops an Amazon EBS-backed instance. You can re...,,stop_instances,exec,,,,,
TerminateClientVpnConnections,/#Action=TerminateClientVpnConnections,GET,Terminates active Client VPN endpoint connectio...,,terminate_client_vpn_connections,exec,,,,,
TerminateInstances,/#Action=TerminateInstances,GET,Terminates (deletes) the specified instances. T...,,terminate_instances,exec,,,,,
UnassignIpv6Addresses,/#Action=UnassignIpv6Addresses,GET,Unassigns the specified IPv6 addresses or Prefi...,,unassign_ipv6_addresses,exec,,,,,
UnassignPrivateIpAddresses,/#Action=UnassignPrivateIpAddresses,GET,Unassigns the specified secondary private IP ad...,,unassign_private_ip_addresses,exec,,,,,
UnassignPrivateNatGatewayAddress,/#Action=UnassignPrivateNatGatewayAddress,GET,Unassigns secondary private IPv4 addresses from...,,unassign_private_nat_gateway_address,exec,,,,,
UnlockSnapshot,/#Action=UnlockSnapshot,GET,Unlocks a snapshot that is locked in governance...,,unlock_snapshot,exec,,,,,
UnmonitorInstances,/#Action=UnmonitorInstances,GET,Disables detailed monitoring for a running inst...,,unmonitor_instances,exec,,,,,
UpdateCapacityManagerOrganizationsAccess,/#Action=UpdateCapacityManagerOrganizationsAccess,GET,Updates the Organizations access setting for EC...,,update_capacity_manager_organizations_access,update,,,,,
UpdateInterruptibleCapacityReservationAllocation,/#Action=UpdateInterruptibleCapacityReservationAllocation,GET,Modifies the number of instances allocated to a...,,update_interruptible_capacity_reservation_allocation,update,,,,,
UpdateSecurityGroupRuleDescriptionsEgress,/#Action=UpdateSecurityGroupRuleDescriptionsEgress,GET,Updates the description of an egress (outbound)...,,update_security_group_rule_descriptions_egress,update,,,,,
UpdateSecurityGroupRuleDescriptionsIngress,/#Action=UpdateSecurityGroupRuleDescriptionsIngress,GET,Updates the description of an ingress (inbound)...,,update_security_group_rule_descriptions_ingress,update,,,,,
WithdrawByoipCidr,/#Action=WithdrawByoipCidr,GET,Stops advertising an address range that is prov...,,withdraw_byoip_cidr,exec,,,,,
